"Set","Model","Age","LM","Temp","pH","DO_ppm","Age:LM","Age:Temp","LM:Temp","Age:pH","LM:pH","Temp:pH","Age:DO_ppm","LM:DO_ppm","Temp:DO_ppm","pH:DO_ppm","Age:LM:Temp","Age:LM:pH","Age:Temp:pH","LM:Temp:pH","Age:LM:DO_ppm","Age:Temp:DO_ppm","LM:Temp:DO_ppm","Age:pH:DO_ppm","LM:pH:DO_ppm","Temp:pH:DO_ppm","Age:LM:Temp:pH","Age:LM:Temp:DO_ppm","Age:LM:pH:DO_ppm","Age:Temp:pH:DO_ppm","LM:Temp:pH:DO_ppm","Age:LM:Temp:pH:DO_ppm","Num_Rhats_gt_1.05","Num_Eff_SS_ls_100","Num_params","Run_Time","WAIC"
"1","1",1,1,1,1,1,1,1,1,1,1,1,1,1,1,1,1,1,1,1,1,1,1,1,1,1,1,1,1,1,1,1,0,0,3234,"6 hrs, 45 min, 38 sec",141839.273208729
"2","1",1,1,1,1,1,1,1,1,1,1,1,1,1,1,1,1,1,1,1,1,1,1,1,1,1,1,1,1,1,1,0,0,0,3133,"6 hrs, 34 min, 3 sec",141770.516324422
"2","2",1,1,1,1,1,1,1,1,1,1,1,1,1,1,1,1,1,1,1,1,1,1,1,1,1,1,1,1,1,0,1,0,0,3133,"6 hrs, 49 min, 12 sec",141787.150067585
"2","3",1,1,1,1,1,1,1,1,1,1,1,1,1,1,1,1,1,1,1,1,1,1,1,1,1,1,1,1,0,1,1,0,0,3133,"6 hrs, 44 min, 7 sec",141817.752338542
"2","4",1,1,1,1,1,1,1,1,1,1,1,1,1,1,1,1,1,1,1,1,1,1,1,1,1,1,1,0,1,1,1,0,0,3133,"6 hrs, 36 min, 0 sec",141787.261471209
"2","5",1,1,1,1,1,1,1,1,1,1,1,1,1,1,1,1,1,1,1,1,1,1,1,1,1,1,0,1,1,1,1,0,0,3133,"6 hrs, 44 min, 49 sec",141823.514998287
"2","6",1,1,1,1,1,1,1,1,1,1,1,1,1,1,1,1,1,1,1,1,1,1,1,1,1,0,1,1,1,1,1,0,0,3133,"6 hrs, 44 min, 45 sec",141839.280181853
"2","7",1,1,1,1,1,1,1,1,1,1,1,1,1,1,1,1,1,1,1,1,1,1,1,1,0,1,1,1,1,1,1,0,0,3133,"6 hrs, 52 min, 29 sec",141744.699298172
"2","8",1,1,1,1,1,1,1,1,1,1,1,1,1,1,1,1,1,1,1,1,1,1,1,0,1,1,1,1,1,1,1,0,0,3133,"6 hrs, 43 min, 38 sec",141789.782543753
"2","9",1,1,1,1,1,1,1,1,1,1,1,1,1,1,1,1,1,1,1,1,1,1,0,1,1,1,1,1,1,1,1,0,0,3133,"6 hrs, 39 min, 52 sec",141755.836056033
"2","10",1,1,1,1,1,1,1,1,1,1,1,1,1,1,1,1,1,1,1,1,1,0,1,1,1,1,1,1,1,1,1,0,0,3133,"6 hrs, 51 min, 5 sec",141788.343342533
"2","11",1,1,1,1,1,1,1,1,1,1,1,1,1,1,1,1,1,1,1,1,0,1,1,1,1,1,1,1,1,1,1,0,0,3133,"6 hrs, 44 min, 5 sec",141783.756536362
"2","12",1,1,1,1,1,1,1,1,1,1,1,1,1,1,1,1,1,1,1,0,1,1,1,1,1,1,1,1,1,1,1,0,0,3133,"6 hrs, 43 min, 36 sec",141776.069848355
"2","13",1,1,1,1,1,1,1,1,1,1,1,1,1,1,1,1,1,1,0,1,1,1,1,1,1,1,1,1,1,1,1,0,0,3133,"6 hrs, 40 min, 32 sec",141843.103617834
"2","14",1,1,1,1,1,1,1,1,1,1,1,1,1,1,1,1,1,0,1,1,1,1,1,1,1,1,1,1,1,1,1,0,0,3133,"6 hrs, 46 min, 45 sec",141755.716459607
"2","15",1,1,1,1,1,1,1,1,1,1,1,1,1,1,1,1,0,1,1,1,1,1,1,1,1,1,1,1,1,1,1,0,0,3133,"6 hrs, 39 min, 27 sec",141817.984931283
"2","16",1,1,1,1,1,1,1,1,1,1,1,1,1,1,1,0,1,1,1,1,1,1,1,1,1,1,1,1,1,1,1,0,0,3133,"6 hrs, 57 min, 14 sec",141770.353557023
"2","17",1,1,1,1,1,1,1,1,1,1,1,1,1,1,0,1,1,1,1,1,1,1,1,1,1,1,1,1,1,1,1,0,0,3133,"6 hrs, 35 min, 47 sec",141773.450988114
"2","18",1,1,1,1,1,1,1,1,1,1,1,1,1,0,1,1,1,1,1,1,1,1,1,1,1,1,1,1,1,1,1,0,0,3133,"6 hrs, 57 min, 17 sec",141802.393796614
"2","19",1,1,1,1,1,1,1,1,1,1,1,1,0,1,1,1,1,1,1,1,1,1,1,1,1,1,1,1,1,1,1,0,0,3133,"6 hrs, 42 min, 57 sec",141788.254153423
"2","20",1,1,1,1,1,1,1,1,1,1,1,0,1,1,1,1,1,1,1,1,1,1,1,1,1,1,1,1,1,1,1,0,0,3133,"7 hrs, 5 min, 57 sec",142001.012639101
"2","21",1,1,1,1,1,1,1,1,1,1,0,1,1,1,1,1,1,1,1,1,1,1,1,1,1,1,1,1,1,1,1,0,0,3133,"6 hrs, 35 min, 39 sec",141804.760974996
"2","22",1,1,1,1,1,1,1,1,1,0,1,1,1,1,1,1,1,1,1,1,1,1,1,1,1,1,1,1,1,1,1,0,0,3133,"6 hrs, 43 min, 47 sec",141780.488686215
"2","23",1,1,1,1,1,1,1,1,0,1,1,1,1,1,1,1,1,1,1,1,1,1,1,1,1,1,1,1,1,1,1,0,0,3133,"6 hrs, 57 min, 53 sec",141873.662341473
"2","24",1,1,1,1,1,1,1,0,1,1,1,1,1,1,1,1,1,1,1,1,1,1,1,1,1,1,1,1,1,1,1,0,0,3133,"6 hrs, 47 min, 56 sec",141813.926469889
"2","25",1,1,1,1,1,1,0,1,1,1,1,1,1,1,1,1,1,1,1,1,1,1,1,1,1,1,1,1,1,1,1,0,0,3133,"6 hrs, 43 min, 49 sec",141762.441638324
"2","26",1,1,1,1,1,0,1,1,1,1,1,1,1,1,1,1,1,1,1,1,1,1,1,1,1,1,1,1,1,1,1,0,0,3133,"6 hrs, 45 min, 38 sec",141806.613125843
"2","27",1,1,1,1,0,1,1,1,1,1,1,1,1,1,1,1,1,1,1,1,1,1,1,1,1,1,1,1,1,1,1,0,0,3133,"6 hrs, 50 min, 59 sec",142013.27340203
"2","28",1,1,1,0,1,1,1,1,1,1,1,1,1,1,1,1,1,1,1,1,1,1,1,1,1,1,1,1,1,1,1,0,0,3133,"6 hrs, 52 min, 16 sec",141864.033527456
"2","29",1,1,0,1,1,1,1,1,1,1,1,1,1,1,1,1,1,1,1,1,1,1,1,1,1,1,1,1,1,1,1,0,0,3133,"6 hrs, 57 min, 13 sec",141738.082704259
"2","30",1,0,1,1,1,1,1,1,1,1,1,1,1,1,1,1,1,1,1,1,1,1,1,1,1,1,1,1,1,1,1,0,0,3133,"6 hrs, 40 min, 27 sec",141808.010816596
"2","31",0,1,1,1,1,1,1,1,1,1,1,1,1,1,1,1,1,1,1,1,1,1,1,1,1,1,1,1,1,1,1,0,0,3133,"6 hrs, 53 min, 41 sec",141765.937845891
"3","1",1,1,0,1,1,1,1,1,1,1,1,1,1,1,1,1,1,1,1,1,1,1,1,1,1,1,1,1,1,1,0,0,0,3032,"6 hrs, 24 min, 52 sec",141737.634471332
"3","2",1,1,0,1,1,1,1,1,1,1,1,1,1,1,1,1,1,1,1,1,1,1,1,1,1,1,1,1,1,0,1,0,0,3032,"6 hrs, 42 min, 9 sec",141729.979030254
"3","3",1,1,0,1,1,1,1,1,1,1,1,1,1,1,1,1,1,1,1,1,1,1,1,1,1,1,1,1,0,1,1,0,0,3032,"6 hrs, 28 min, 46 sec",141692.563941709
"3","4",1,1,0,1,1,1,1,1,1,1,1,1,1,1,1,1,1,1,1,1,1,1,1,1,1,1,1,0,1,1,1,0,0,3032,"6 hrs, 24 min, 12 sec",141716.836930469
"3","5",1,1,0,1,1,1,1,1,1,1,1,1,1,1,1,1,1,1,1,1,1,1,1,1,1,1,0,1,1,1,1,0,0,3032,"6 hrs, 29 min, 27 sec",141798.434988377
"3","6",1,1,0,1,1,1,1,1,1,1,1,1,1,1,1,1,1,1,1,1,1,1,1,1,1,0,1,1,1,1,1,0,0,3032,"7 hrs, 2 min, 1 sec",141759.278050328
"3","7",1,1,0,1,1,1,1,1,1,1,1,1,1,1,1,1,1,1,1,1,1,1,1,1,0,1,1,1,1,1,1,0,0,3032,"6 hrs, 45 min, 43 sec",141712.84890235
"3","8",1,1,0,1,1,1,1,1,1,1,1,1,1,1,1,1,1,1,1,1,1,1,1,0,1,1,1,1,1,1,1,0,0,3032,"6 hrs, 30 min, 59 sec",141763.160772997
"3","9",1,1,0,1,1,1,1,1,1,1,1,1,1,1,1,1,1,1,1,1,1,1,0,1,1,1,1,1,1,1,1,0,0,3032,"6 hrs, 27 min, 7 sec",141756.216537221
"3","10",1,1,0,1,1,1,1,1,1,1,1,1,1,1,1,1,1,1,1,1,1,0,1,1,1,1,1,1,1,1,1,0,0,3032,"6 hrs, 41 min, 39 sec",141756.77074185
"3","11",1,1,0,1,1,1,1,1,1,1,1,1,1,1,1,1,1,1,1,1,0,1,1,1,1,1,1,1,1,1,1,0,0,3032,"6 hrs, 33 min, 55 sec",141781.063779836
"3","12",1,1,0,1,1,1,1,1,1,1,1,1,1,1,1,1,1,1,1,0,1,1,1,1,1,1,1,1,1,1,1,0,0,3032,"6 hrs, 33 min, 17 sec",141726.495144384
"3","13",1,1,0,1,1,1,1,1,1,1,1,1,1,1,1,1,1,1,0,1,1,1,1,1,1,1,1,1,1,1,1,0,0,3032,"6 hrs, 28 min, 23 sec",141719.194526108
"3","14",1,1,0,1,1,1,1,1,1,1,1,1,1,1,1,1,1,0,1,1,1,1,1,1,1,1,1,1,1,1,1,0,0,3032,"6 hrs, 20 min, 34 sec",141769.806356404
"3","15",1,1,0,1,1,1,1,1,1,1,1,1,1,1,1,1,0,1,1,1,1,1,1,1,1,1,1,1,1,1,1,0,0,3032,"6 hrs, 25 min, 50 sec",141752.532883695
"3","16",1,1,0,1,1,1,1,1,1,1,1,1,1,1,1,0,1,1,1,1,1,1,1,1,1,1,1,1,1,1,1,0,0,3032,"6 hrs, 21 min, 13 sec",141684.455992704
"3","17",1,1,0,1,1,1,1,1,1,1,1,1,1,1,0,1,1,1,1,1,1,1,1,1,1,1,1,1,1,1,1,0,0,3032,"6 hrs, 40 min, 21 sec",141724.093251793
"3","18",1,1,0,1,1,1,1,1,1,1,1,1,1,0,1,1,1,1,1,1,1,1,1,1,1,1,1,1,1,1,1,0,0,3032,"6 hrs, 15 min, 2 sec",141785.9417826
"3","19",1,1,0,1,1,1,1,1,1,1,1,1,0,1,1,1,1,1,1,1,1,1,1,1,1,1,1,1,1,1,1,0,0,3032,"6 hrs, 25 min, 59 sec",141784.450336745
"3","20",1,1,0,1,1,1,1,1,1,1,1,0,1,1,1,1,1,1,1,1,1,1,1,1,1,1,1,1,1,1,1,0,0,3032,"6 hrs, 21 min, 35 sec",141906.968442171
"3","21",1,1,0,1,1,1,1,1,1,1,0,1,1,1,1,1,1,1,1,1,1,1,1,1,1,1,1,1,1,1,1,0,0,3032,"6 hrs, 33 min, 5 sec",141761.514787499
"3","22",1,1,0,1,1,1,1,1,1,0,1,1,1,1,1,1,1,1,1,1,1,1,1,1,1,1,1,1,1,1,1,0,0,3032,"6 hrs, 31 min, 26 sec",141731.687526138
"3","23",1,1,0,1,1,1,1,1,0,1,1,1,1,1,1,1,1,1,1,1,1,1,1,1,1,1,1,1,1,1,1,0,0,3032,"6 hrs, 40 min, 10 sec",141858.580413851
"3","24",1,1,0,1,1,1,1,0,1,1,1,1,1,1,1,1,1,1,1,1,1,1,1,1,1,1,1,1,1,1,1,0,0,3032,"6 hrs, 44 min, 27 sec",141770.634823149
"3","25",1,1,0,1,1,1,0,1,1,1,1,1,1,1,1,1,1,1,1,1,1,1,1,1,1,1,1,1,1,1,1,0,0,3032,"6 hrs, 26 min, 57 sec",141727.677510039
"3","26",1,1,0,1,1,0,1,1,1,1,1,1,1,1,1,1,1,1,1,1,1,1,1,1,1,1,1,1,1,1,1,0,0,3032,"6 hrs, 19 min, 45 sec",141744.167262046
"3","27",1,1,0,1,0,1,1,1,1,1,1,1,1,1,1,1,1,1,1,1,1,1,1,1,1,1,1,1,1,1,1,0,0,3032,"6 hrs, 29 min, 50 sec",141952.928068668
"3","28",1,1,0,0,1,1,1,1,1,1,1,1,1,1,1,1,1,1,1,1,1,1,1,1,1,1,1,1,1,1,1,0,0,3032,"6 hrs, 32 min, 48 sec",141877.968783641
"3","29",1,0,0,1,1,1,1,1,1,1,1,1,1,1,1,1,1,1,1,1,1,1,1,1,1,1,1,1,1,1,1,0,0,3032,"6 hrs, 37 min, 15 sec",141729.304744892
"3","30",0,1,0,1,1,1,1,1,1,1,1,1,1,1,1,1,1,1,1,1,1,1,1,1,1,1,1,1,1,1,1,0,0,3032,"6 hrs, 42 min, 50 sec",141752.235874433
"4","1",1,1,0,1,1,1,1,1,1,1,1,1,1,1,1,0,1,1,1,1,1,1,1,1,1,1,1,1,1,1,0,0,0,2931,"7 hrs, 13 min, 51 sec",141667.838760273
"4","2",1,1,0,1,1,1,1,1,1,1,1,1,1,1,1,0,1,1,1,1,1,1,1,1,1,1,1,1,1,0,1,0,0,2931,"6 hrs, 19 min, 0 sec",141651.000333824
"4","3",1,1,0,1,1,1,1,1,1,1,1,1,1,1,1,0,1,1,1,1,1,1,1,1,1,1,1,1,0,1,1,0,0,2931,"6 hrs, 8 min, 43 sec",141679.569302594
"4","4",1,1,0,1,1,1,1,1,1,1,1,1,1,1,1,0,1,1,1,1,1,1,1,1,1,1,1,0,1,1,1,0,0,2931,"6 hrs, 33 min, 52 sec",141668.36854675
"4","5",1,1,0,1,1,1,1,1,1,1,1,1,1,1,1,0,1,1,1,1,1,1,1,1,1,1,0,1,1,1,1,0,0,2931,"6 hrs, 22 min, 29 sec",141699.774459405
"4","6",1,1,0,1,1,1,1,1,1,1,1,1,1,1,1,0,1,1,1,1,1,1,1,1,1,0,1,1,1,1,1,0,0,2931,"6 hrs, 34 min, 47 sec",141692.974993053
"4","7",1,1,0,1,1,1,1,1,1,1,1,1,1,1,1,0,1,1,1,1,1,1,1,1,0,1,1,1,1,1,1,0,0,2931,"6 hrs, 24 min, 52 sec",141577.71956994
"4","8",1,1,0,1,1,1,1,1,1,1,1,1,1,1,1,0,1,1,1,1,1,1,1,0,1,1,1,1,1,1,1,0,0,2931,"6 hrs, 35 min, 56 sec",141673.431064665
"4","9",1,1,0,1,1,1,1,1,1,1,1,1,1,1,1,0,1,1,1,1,1,1,0,1,1,1,1,1,1,1,1,0,0,2931,"8 hrs, 30 min, 6 sec",141631.339138314
"4","10",1,1,0,1,1,1,1,1,1,1,1,1,1,1,1,0,1,1,1,1,1,0,1,1,1,1,1,1,1,1,1,0,0,2931,"6 hrs, 25 min, 51 sec",141691.976753459
"4","11",1,1,0,1,1,1,1,1,1,1,1,1,1,1,1,0,1,1,1,1,0,1,1,1,1,1,1,1,1,1,1,0,0,2931,"6 hrs, 30 min, 47 sec",141734.68394074
"4","12",1,1,0,1,1,1,1,1,1,1,1,1,1,1,1,0,1,1,1,0,1,1,1,1,1,1,1,1,1,1,1,0,0,2931,"6 hrs, 25 min, 25 sec",141692.802154353
"4","13",1,1,0,1,1,1,1,1,1,1,1,1,1,1,1,0,1,1,0,1,1,1,1,1,1,1,1,1,1,1,1,0,0,2931,"6 hrs, 34 min, 34 sec",141669.40760622
"4","14",1,1,0,1,1,1,1,1,1,1,1,1,1,1,1,0,1,0,1,1,1,1,1,1,1,1,1,1,1,1,1,0,0,2931,"6 hrs, 40 min, 17 sec",141649.7937826
"4","15",1,1,0,1,1,1,1,1,1,1,1,1,1,1,1,0,0,1,1,1,1,1,1,1,1,1,1,1,1,1,1,0,0,2931,"6 hrs, 35 min, 35 sec",141699.470341891
"4","16",1,1,0,1,1,1,1,1,1,1,1,1,1,1,0,0,1,1,1,1,1,1,1,1,1,1,1,1,1,1,1,0,0,2931,"6 hrs, 23 min, 21 sec",141641.095724021
"4","17",1,1,0,1,1,1,1,1,1,1,1,1,1,0,1,0,1,1,1,1,1,1,1,1,1,1,1,1,1,1,1,0,0,2931,"6 hrs, 20 min, 0 sec",141725.748594865
"4","18",1,1,0,1,1,1,1,1,1,1,1,1,0,1,1,0,1,1,1,1,1,1,1,1,1,1,1,1,1,1,1,0,0,2931,"6 hrs, 31 min, 39 sec",141663.98603536
"4","19",1,1,0,1,1,1,1,1,1,1,1,0,1,1,1,0,1,1,1,1,1,1,1,1,1,1,1,1,1,1,1,0,0,2931,"6 hrs, 17 min, 46 sec",141879.065366511
"4","20",1,1,0,1,1,1,1,1,1,1,0,1,1,1,1,0,1,1,1,1,1,1,1,1,1,1,1,1,1,1,1,0,0,2931,"6 hrs, 36 min, 22 sec",141652.512178059
"4","21",1,1,0,1,1,1,1,1,1,0,1,1,1,1,1,0,1,1,1,1,1,1,1,1,1,1,1,1,1,1,1,0,0,2931,"6 hrs, 36 min, 2 sec",141689.491442725
"4","22",1,1,0,1,1,1,1,1,0,1,1,1,1,1,1,0,1,1,1,1,1,1,1,1,1,1,1,1,1,1,1,0,0,2931,"6 hrs, 15 min, 25 sec",141801.496708522
"4","23",1,1,0,1,1,1,1,0,1,1,1,1,1,1,1,0,1,1,1,1,1,1,1,1,1,1,1,1,1,1,1,0,0,2931,"6 hrs, 36 min, 37 sec",141720.636132319
"4","24",1,1,0,1,1,1,0,1,1,1,1,1,1,1,1,0,1,1,1,1,1,1,1,1,1,1,1,1,1,1,1,0,0,2931,"6 hrs, 26 min, 3 sec",141637.432872528
"4","25",1,1,0,1,1,0,1,1,1,1,1,1,1,1,1,0,1,1,1,1,1,1,1,1,1,1,1,1,1,1,1,0,0,2931,"6 hrs, 28 min, 16 sec",141664.887287259
"4","26",1,1,0,1,0,1,1,1,1,1,1,1,1,1,1,0,1,1,1,1,1,1,1,1,1,1,1,1,1,1,1,0,0,2931,"6 hrs, 38 min, 4 sec",141850.058778088
"4","27",1,1,0,0,1,1,1,1,1,1,1,1,1,1,1,0,1,1,1,1,1,1,1,1,1,1,1,1,1,1,1,0,0,2931,"6 hrs, 36 min, 23 sec",141794.826429013
"4","28",1,0,0,1,1,1,1,1,1,1,1,1,1,1,1,0,1,1,1,1,1,1,1,1,1,1,1,1,1,1,1,0,0,2931,"6 hrs, 41 min, 43 sec",141681.163357027
"4","29",0,1,0,1,1,1,1,1,1,1,1,1,1,1,1,0,1,1,1,1,1,1,1,1,1,1,1,1,1,1,1,0,0,2931,"6 hrs, 23 min, 25 sec",141670.544910953
"5","1",1,1,0,1,1,1,1,1,1,1,1,1,1,1,1,0,1,1,1,1,1,1,1,1,0,1,1,1,1,1,0,0,0,2830,"6 hrs, 14 min, 25 sec",141656.317936715
"5","2",1,1,0,1,1,1,1,1,1,1,1,1,1,1,1,0,1,1,1,1,1,1,1,1,0,1,1,1,1,0,1,0,0,2830,"6 hrs, 9 min, 4 sec",141667.426991999
"5","3",1,1,0,1,1,1,1,1,1,1,1,1,1,1,1,0,1,1,1,1,1,1,1,1,0,1,1,1,0,1,1,0,0,2830,"6 hrs, 5 min, 11 sec",141568.85946324
"5","4",1,1,0,1,1,1,1,1,1,1,1,1,1,1,1,0,1,1,1,1,1,1,1,1,0,1,1,0,1,1,1,0,0,2830,"6 hrs, 6 min, 39 sec",141644.184415578
"5","5",1,1,0,1,1,1,1,1,1,1,1,1,1,1,1,0,1,1,1,1,1,1,1,1,0,1,0,1,1,1,1,0,0,2830,"6 hrs, 8 min, 17 sec",141656.700290748
"5","6",1,1,0,1,1,1,1,1,1,1,1,1,1,1,1,0,1,1,1,1,1,1,1,1,0,0,1,1,1,1,1,0,0,2830,"6 hrs, 20 min, 21 sec",141636.142035752
"5","7",1,1,0,1,1,1,1,1,1,1,1,1,1,1,1,0,1,1,1,1,1,1,1,0,0,1,1,1,1,1,1,0,0,2830,"6 hrs, 13 min, 44 sec",141627.32505877
"5","8",1,1,0,1,1,1,1,1,1,1,1,1,1,1,1,0,1,1,1,1,1,1,0,1,0,1,1,1,1,1,1,0,0,2830,"8 hrs, 18 min, 35 sec",141598.071520208
"5","9",1,1,0,1,1,1,1,1,1,1,1,1,1,1,1,0,1,1,1,1,1,0,1,1,0,1,1,1,1,1,1,0,0,2830,"5 hrs, 51 min, 7 sec",141643.302399267
"5","10",1,1,0,1,1,1,1,1,1,1,1,1,1,1,1,0,1,1,1,1,0,1,1,1,0,1,1,1,1,1,1,0,0,2830,"6 hrs, 58 min, 31 sec",141693.326749142
"5","11",1,1,0,1,1,1,1,1,1,1,1,1,1,1,1,0,1,1,1,0,1,1,1,1,0,1,1,1,1,1,1,0,0,2830,"4 hrs, 1 min, 35 sec",141650.575755901
"5","12",1,1,0,1,1,1,1,1,1,1,1,1,1,1,1,0,1,1,0,1,1,1,1,1,0,1,1,1,1,1,1,0,0,2830,"3 hrs, 40 min, 46 sec",141610.557997728
"5","13",1,1,0,1,1,1,1,1,1,1,1,1,1,1,1,0,1,0,1,1,1,1,1,1,0,1,1,1,1,1,1,0,0,2830,"4 hrs, 7 min, 56 sec",141581.484290275
"5","14",1,1,0,1,1,1,1,1,1,1,1,1,1,1,1,0,0,1,1,1,1,1,1,1,0,1,1,1,1,1,1,0,0,2830,"4 hrs, 30 min, 19 sec",141669.973524542
"5","15",1,1,0,1,1,1,1,1,1,1,1,1,1,1,0,0,1,1,1,1,1,1,1,1,0,1,1,1,1,1,1,0,0,2830,"3 hrs, 33 min, 38 sec",141630.412687304
"5","16",1,1,0,1,1,1,1,1,1,1,1,1,1,0,1,0,1,1,1,1,1,1,1,1,0,1,1,1,1,1,1,0,0,2830,"4 hrs, 7 min, 19 sec",141671.813633958
"5","17",1,1,0,1,1,1,1,1,1,1,1,1,0,1,1,0,1,1,1,1,1,1,1,1,0,1,1,1,1,1,1,0,0,2830,"3 hrs, 49 min, 36 sec",141648.099186565
"5","18",1,1,0,1,1,1,1,1,1,1,1,0,1,1,1,0,1,1,1,1,1,1,1,1,0,1,1,1,1,1,1,0,0,2830,"3 hrs, 34 min, 23 sec",141981.136361127
"5","19",1,1,0,1,1,1,1,1,1,1,0,1,1,1,1,0,1,1,1,1,1,1,1,1,0,1,1,1,1,1,1,0,0,2830,"3 hrs, 35 min, 4 sec",141612.785306654
"5","20",1,1,0,1,1,1,1,1,1,0,1,1,1,1,1,0,1,1,1,1,1,1,1,1,0,1,1,1,1,1,1,0,0,2830,"3 hrs, 49 min, 15 sec",141684.881077712
"5","21",1,1,0,1,1,1,1,1,0,1,1,1,1,1,1,0,1,1,1,1,1,1,1,1,0,1,1,1,1,1,1,0,0,2830,"3 hrs, 43 min, 36 sec",141803.39630156
"5","22",1,1,0,1,1,1,1,0,1,1,1,1,1,1,1,0,1,1,1,1,1,1,1,1,0,1,1,1,1,1,1,0,0,2830,"3 hrs, 41 min, 48 sec",141634.741899813
"5","23",1,1,0,1,1,1,0,1,1,1,1,1,1,1,1,0,1,1,1,1,1,1,1,1,0,1,1,1,1,1,1,0,0,2830,"3 hrs, 32 min, 2 sec",141607.682283312
"5","24",1,1,0,1,1,0,1,1,1,1,1,1,1,1,1,0,1,1,1,1,1,1,1,1,0,1,1,1,1,1,1,0,0,2830,"4 hrs, 5 min, 43 sec",141604.558212149
"5","25",1,1,0,1,0,1,1,1,1,1,1,1,1,1,1,0,1,1,1,1,1,1,1,1,0,1,1,1,1,1,1,0,0,2830,"3 hrs, 4 min, 36 sec",141752.426835259
"5","26",1,1,0,0,1,1,1,1,1,1,1,1,1,1,1,0,1,1,1,1,1,1,1,1,0,1,1,1,1,1,1,0,0,2830,"3 hrs, 38 min, 2 sec",141765.925370421
"5","27",1,0,0,1,1,1,1,1,1,1,1,1,1,1,1,0,1,1,1,1,1,1,1,1,0,1,1,1,1,1,1,0,0,2830,"4 hrs, 18 min, 24 sec",141661.545334434
"5","28",0,1,0,1,1,1,1,1,1,1,1,1,1,1,1,0,1,1,1,1,1,1,1,1,0,1,1,1,1,1,1,0,0,2830,"3 hrs, 44 min, 39 sec",141645.484726517
"6","1",1,1,0,1,1,1,1,1,1,1,1,1,1,1,1,0,1,1,1,1,1,1,1,1,0,1,1,1,0,1,0,0,0,2729,"3 hrs, 22 min, 57 sec",141605.742916131
"6","2",1,1,0,1,1,1,1,1,1,1,1,1,1,1,1,0,1,1,1,1,1,1,1,1,0,1,1,1,0,0,1,0,0,2729,"3 hrs, 34 min, 38 sec",141626.312813241
"6","3",1,1,0,1,1,1,1,1,1,1,1,1,1,1,1,0,1,1,1,1,1,1,1,1,0,1,1,0,0,1,1,0,0,2729,"3 hrs, 29 min, 13 sec",141597.801305371
"6","4",1,1,0,1,1,1,1,1,1,1,1,1,1,1,1,0,1,1,1,1,1,1,1,1,0,1,0,1,0,1,1,0,0,2729,"3 hrs, 28 min, 2 sec",141628.098867206
"6","5",1,1,0,1,1,1,1,1,1,1,1,1,1,1,1,0,1,1,1,1,1,1,1,1,0,0,1,1,0,1,1,0,0,2729,"3 hrs, 34 min, 37 sec",141623.991776926
"6","6",1,1,0,1,1,1,1,1,1,1,1,1,1,1,1,0,1,1,1,1,1,1,1,0,0,1,1,1,0,1,1,0,0,2729,"3 hrs, 30 min, 33 sec",141638.805408515
"6","7",1,1,0,1,1,1,1,1,1,1,1,1,1,1,1,0,1,1,1,1,1,1,0,1,0,1,1,1,0,1,1,0,0,2729,"3 hrs, 24 min, 1 sec",141584.59250592
"6","8",1,1,0,1,1,1,1,1,1,1,1,1,1,1,1,0,1,1,1,1,1,0,1,1,0,1,1,1,0,1,1,0,0,2729,"3 hrs, 23 min, 59 sec",141592.700713411
"6","9",1,1,0,1,1,1,1,1,1,1,1,1,1,1,1,0,1,1,1,1,0,1,1,1,0,1,1,1,0,1,1,0,0,2729,"3 hrs, 53 min, 14 sec",141623.271579569
"6","10",1,1,0,1,1,1,1,1,1,1,1,1,1,1,1,0,1,1,1,0,1,1,1,1,0,1,1,1,0,1,1,0,0,2729,"2 hrs, 53 min, 26 sec",141562.433114981
"6","11",1,1,0,1,1,1,1,1,1,1,1,1,1,1,1,0,1,1,0,1,1,1,1,1,0,1,1,1,0,1,1,0,0,2729,"3 hrs, 26 min, 59 sec",141597.70339638
"6","12",1,1,0,1,1,1,1,1,1,1,1,1,1,1,1,0,1,0,1,1,1,1,1,1,0,1,1,1,0,1,1,0,0,2729,"3 hrs, 38 min, 8 sec",141590.659374472
"6","13",1,1,0,1,1,1,1,1,1,1,1,1,1,1,1,0,0,1,1,1,1,1,1,1,0,1,1,1,0,1,1,0,0,2729,"2 hrs, 52 min, 45 sec",141628.129377038
"6","14",1,1,0,1,1,1,1,1,1,1,1,1,1,1,0,0,1,1,1,1,1,1,1,1,0,1,1,1,0,1,1,0,0,2729,"3 hrs, 23 min, 27 sec",141559.889795493
"6","15",1,1,0,1,1,1,1,1,1,1,1,1,1,0,1,0,1,1,1,1,1,1,1,1,0,1,1,1,0,1,1,0,0,2729,"2 hrs, 47 min, 59 sec",141694.632616556
"6","16",1,1,0,1,1,1,1,1,1,1,1,1,0,1,1,0,1,1,1,1,1,1,1,1,0,1,1,1,0,1,1,0,0,2729,"3 hrs, 24 min, 16 sec",141598.003171737
"6","17",1,1,0,1,1,1,1,1,1,1,1,0,1,1,1,0,1,1,1,1,1,1,1,1,0,1,1,1,0,1,1,0,0,2729,"3 hrs, 26 min, 5 sec",141958.483929027
"6","18",1,1,0,1,1,1,1,1,1,1,0,1,1,1,1,0,1,1,1,1,1,1,1,1,0,1,1,1,0,1,1,0,0,2729,"2 hrs, 48 min, 28 sec",141580.103363175
"6","19",1,1,0,1,1,1,1,1,1,0,1,1,1,1,1,0,1,1,1,1,1,1,1,1,0,1,1,1,0,1,1,0,0,2729,"2 hrs, 53 min, 41 sec",141590.142099312
"6","20",1,1,0,1,1,1,1,1,0,1,1,1,1,1,1,0,1,1,1,1,1,1,1,1,0,1,1,1,0,1,1,0,0,2729,"3 hrs, 32 min, 17 sec",141753.308293666
"6","21",1,1,0,1,1,1,1,0,1,1,1,1,1,1,1,0,1,1,1,1,1,1,1,1,0,1,1,1,0,1,1,0,0,2729,"2 hrs, 44 min, 24 sec",141601.003065453
"6","22",1,1,0,1,1,1,0,1,1,1,1,1,1,1,1,0,1,1,1,1,1,1,1,1,0,1,1,1,0,1,1,0,0,2729,"2 hrs, 49 min, 47 sec",141549.450198139
"6","23",1,1,0,1,1,0,1,1,1,1,1,1,1,1,1,0,1,1,1,1,1,1,1,1,0,1,1,1,0,1,1,0,0,2729,"3 hrs, 34 min, 24 sec",141589.492727454
"6","24",1,1,0,1,0,1,1,1,1,1,1,1,1,1,1,0,1,1,1,1,1,1,1,1,0,1,1,1,0,1,1,0,0,2729,"2 hrs, 52 min, 44 sec",141582.304954875
"6","25",1,1,0,0,1,1,1,1,1,1,1,1,1,1,1,0,1,1,1,1,1,1,1,1,0,1,1,1,0,1,1,0,0,2729,"2 hrs, 46 min, 22 sec",141695.44972969
"6","26",1,0,0,1,1,1,1,1,1,1,1,1,1,1,1,0,1,1,1,1,1,1,1,1,0,1,1,1,0,1,1,0,0,2729,"3 hrs, 22 min, 49 sec",141568.486240471
"6","27",0,1,0,1,1,1,1,1,1,1,1,1,1,1,1,0,1,1,1,1,1,1,1,1,0,1,1,1,0,1,1,0,0,2729,"3 hrs, 26 min, 59 sec",141554.299873411
"7","1",1,1,0,1,1,1,0,1,1,1,1,1,1,1,1,0,1,1,1,1,1,1,1,1,0,1,1,1,0,1,0,0,0,2628,"2 hrs, 57 min, 7 sec",141555.47914949
"7","2",1,1,0,1,1,1,0,1,1,1,1,1,1,1,1,0,1,1,1,1,1,1,1,1,0,1,1,1,0,0,1,0,0,2628,"3 hrs, 15 min, 38 sec",141591.554463375
"7","3",1,1,0,1,1,1,0,1,1,1,1,1,1,1,1,0,1,1,1,1,1,1,1,1,0,1,1,0,0,1,1,0,0,2628,"2 hrs, 44 min, 55 sec",141541.890413833
"7","4",1,1,0,1,1,1,0,1,1,1,1,1,1,1,1,0,1,1,1,1,1,1,1,1,0,1,0,1,0,1,1,0,0,2628,"2 hrs, 50 min, 38 sec",141595.299599129
"7","5",1,1,0,1,1,1,0,1,1,1,1,1,1,1,1,0,1,1,1,1,1,1,1,1,0,0,1,1,0,1,1,0,0,2628,"2 hrs, 43 min, 2 sec",141563.142910468
"7","6",1,1,0,1,1,1,0,1,1,1,1,1,1,1,1,0,1,1,1,1,1,1,1,0,0,1,1,1,0,1,1,0,0,2628,"2 hrs, 41 min, 29 sec",141527.432539767
"7","7",1,1,0,1,1,1,0,1,1,1,1,1,1,1,1,0,1,1,1,1,1,1,0,1,0,1,1,1,0,1,1,0,0,2628,"2 hrs, 43 min, 32 sec",141513.78651672
"7","8",1,1,0,1,1,1,0,1,1,1,1,1,1,1,1,0,1,1,1,1,1,0,1,1,0,1,1,1,0,1,1,0,0,2628,"2 hrs, 49 min, 6 sec",141539.07305031
"7","9",1,1,0,1,1,1,0,1,1,1,1,1,1,1,1,0,1,1,1,1,0,1,1,1,0,1,1,1,0,1,1,0,0,2628,"3 hrs, 20 min, 26 sec",141562.31631507
"7","10",1,1,0,1,1,1,0,1,1,1,1,1,1,1,1,0,1,1,1,0,1,1,1,1,0,1,1,1,0,1,1,0,0,2628,"3 hrs, 13 min, 54 sec",141508.729369504
"7","11",1,1,0,1,1,1,0,1,1,1,1,1,1,1,1,0,1,1,0,1,1,1,1,1,0,1,1,1,0,1,1,0,0,2628,"2 hrs, 47 min, 16 sec",141522.930709574
"7","12",1,1,0,1,1,1,0,1,1,1,1,1,1,1,1,0,1,0,1,1,1,1,1,1,0,1,1,1,0,1,1,0,0,2628,"2 hrs, 47 min, 13 sec",141530.819289594
"7","13",1,1,0,1,1,1,0,1,1,1,1,1,1,1,1,0,0,1,1,1,1,1,1,1,0,1,1,1,0,1,1,0,0,2628,"2 hrs, 47 min, 50 sec",141555.777796676
"7","14",1,1,0,1,1,1,0,1,1,1,1,1,1,1,0,0,1,1,1,1,1,1,1,1,0,1,1,1,0,1,1,0,0,2628,"2 hrs, 36 min, 25 sec",141521.806275216
"7","15",1,1,0,1,1,1,0,1,1,1,1,1,1,0,1,0,1,1,1,1,1,1,1,1,0,1,1,1,0,1,1,0,0,2628,"2 hrs, 44 min, 19 sec",141593.063956449
"7","16",1,1,0,1,1,1,0,1,1,1,1,1,0,1,1,0,1,1,1,1,1,1,1,1,0,1,1,1,0,1,1,0,0,2628,"2 hrs, 43 min, 23 sec",141522.053071342
"7","17",1,1,0,1,1,1,0,1,1,1,1,0,1,1,1,0,1,1,1,1,1,1,1,1,0,1,1,1,0,1,1,0,0,2628,"3 hrs, 21 min, 11 sec",141829.802460547
"7","18",1,1,0,1,1,1,0,1,1,1,0,1,1,1,1,0,1,1,1,1,1,1,1,1,0,1,1,1,0,1,1,0,0,2628,"2 hrs, 43 min, 21 sec",141479.773031547
"7","19",1,1,0,1,1,1,0,1,1,0,1,1,1,1,1,0,1,1,1,1,1,1,1,1,0,1,1,1,0,1,1,0,0,2628,"3 hrs, 18 min, 40 sec",141522.909163249
"7","20",1,1,0,1,1,1,0,1,0,1,1,1,1,1,1,0,1,1,1,1,1,1,1,1,0,1,1,1,0,1,1,0,0,2628,"3 hrs, 27 min, 14 sec",141720.629180726
"7","21",1,1,0,1,1,1,0,0,1,1,1,1,1,1,1,0,1,1,1,1,1,1,1,1,0,1,1,1,0,1,1,0,0,2628,"2 hrs, 48 min, 44 sec",141616.808413994
"7","22",1,1,0,1,1,0,0,1,1,1,1,1,1,1,1,0,1,1,1,1,1,1,1,1,0,1,1,1,0,1,1,0,0,2628,"2 hrs, 47 min, 12 sec",141522.595563194
"7","23",1,1,0,1,0,1,0,1,1,1,1,1,1,1,1,0,1,1,1,1,1,1,1,1,0,1,1,1,0,1,1,0,0,2628,"2 hrs, 40 min, 49 sec",141476.057836064
"7","24",1,1,0,0,1,1,0,1,1,1,1,1,1,1,1,0,1,1,1,1,1,1,1,1,0,1,1,1,0,1,1,0,0,2628,"2 hrs, 37 min, 48 sec",141702.431395382
"7","25",1,0,0,1,1,1,0,1,1,1,1,1,1,1,1,0,1,1,1,1,1,1,1,1,0,1,1,1,0,1,1,0,0,2628,"2 hrs, 45 min, 0 sec",141587.091929346
"7","26",0,1,0,1,1,1,0,1,1,1,1,1,1,1,1,0,1,1,1,1,1,1,1,1,0,1,1,1,0,1,1,0,0,2628,"2 hrs, 48 min, 6 sec",141524.712583878
"8","1",1,1,0,1,0,1,0,1,1,1,1,1,1,1,1,0,1,1,1,1,1,1,1,1,0,1,1,1,0,1,0,0,0,2527,"2 hrs, 37 min, 14 sec",141507.622968668
"8","2",1,1,0,1,0,1,0,1,1,1,1,1,1,1,1,0,1,1,1,1,1,1,1,1,0,1,1,1,0,0,1,0,0,2527,"2 hrs, 34 min, 53 sec",141499.102549513
"8","3",1,1,0,1,0,1,0,1,1,1,1,1,1,1,1,0,1,1,1,1,1,1,1,1,0,1,1,0,0,1,1,0,0,2527,"2 hrs, 34 min, 0 sec",141478.552258686
"8","4",1,1,0,1,0,1,0,1,1,1,1,1,1,1,1,0,1,1,1,1,1,1,1,1,0,1,0,1,0,1,1,0,0,2527,"2 hrs, 39 min, 45 sec",141432.838146872
"8","5",1,1,0,1,0,1,0,1,1,1,1,1,1,1,1,0,1,1,1,1,1,1,1,1,0,0,1,1,0,1,1,0,0,2527,"2 hrs, 38 min, 42 sec",141481.718432819
"8","6",1,1,0,1,0,1,0,1,1,1,1,1,1,1,1,0,1,1,1,1,1,1,1,0,0,1,1,1,0,1,1,0,0,2527,"2 hrs, 31 min, 44 sec",141460.284008443
"8","7",1,1,0,1,0,1,0,1,1,1,1,1,1,1,1,0,1,1,1,1,1,1,0,1,0,1,1,1,0,1,1,0,0,2527,"2 hrs, 40 min, 5 sec",141409.109649607
"8","8",1,1,0,1,0,1,0,1,1,1,1,1,1,1,1,0,1,1,1,1,1,0,1,1,0,1,1,1,0,1,1,0,0,2527,"2 hrs, 40 min, 20 sec",141426.447435441
"8","9",1,1,0,1,0,1,0,1,1,1,1,1,1,1,1,0,1,1,1,1,0,1,1,1,0,1,1,1,0,1,1,0,0,2527,"2 hrs, 31 min, 32 sec",141372.765033463
"8","10",1,1,0,1,0,1,0,1,1,1,1,1,1,1,1,0,1,1,1,0,1,1,1,1,0,1,1,1,0,1,1,0,0,2527,"2 hrs, 39 min, 19 sec",141387.637798558
"8","11",1,1,0,1,0,1,0,1,1,1,1,1,1,1,1,0,1,1,0,1,1,1,1,1,0,1,1,1,0,1,1,0,0,2527,"2 hrs, 42 min, 38 sec",141473.188882219
"8","12",1,1,0,1,0,1,0,1,1,1,1,1,1,1,1,0,1,0,1,1,1,1,1,1,0,1,1,1,0,1,1,0,0,2527,"2 hrs, 40 min, 30 sec",141413.362781368
"8","13",1,1,0,1,0,1,0,1,1,1,1,1,1,1,1,0,0,1,1,1,1,1,1,1,0,1,1,1,0,1,1,0,0,2527,"2 hrs, 37 min, 4 sec",141407.762187023
"8","14",1,1,0,1,0,1,0,1,1,1,1,1,1,1,0,0,1,1,1,1,1,1,1,1,0,1,1,1,0,1,1,0,0,2527,"3 hrs, 17 min, 28 sec",141445.048237684
"8","15",1,1,0,1,0,1,0,1,1,1,1,1,1,0,1,0,1,1,1,1,1,1,1,1,0,1,1,1,0,1,1,0,0,2527,"2 hrs, 36 min, 58 sec",141339.862856397
"8","16",1,1,0,1,0,1,0,1,1,1,1,1,0,1,1,0,1,1,1,1,1,1,1,1,0,1,1,1,0,1,1,0,0,2527,"2 hrs, 40 min, 23 sec",141393.434818716
"8","17",1,1,0,1,0,1,0,1,1,1,1,0,1,1,1,0,1,1,1,1,1,1,1,1,0,1,1,1,0,1,1,0,0,2527,"2 hrs, 32 min, 47 sec",141374.063238693
"8","18",1,1,0,1,0,1,0,1,1,1,0,1,1,1,1,0,1,1,1,1,1,1,1,1,0,1,1,1,0,1,1,0,0,2527,"3 hrs, 4 min, 52 sec",141411.762855558
"8","19",1,1,0,1,0,1,0,1,1,0,1,1,1,1,1,0,1,1,1,1,1,1,1,1,0,1,1,1,0,1,1,0,0,2527,"3 hrs, 19 min, 47 sec",141426.508076211
"8","20",1,1,0,1,0,1,0,1,0,1,1,1,1,1,1,0,1,1,1,1,1,1,1,1,0,1,1,1,0,1,1,0,0,2527,"2 hrs, 32 min, 44 sec",141379.613563068
"8","21",1,1,0,1,0,1,0,0,1,1,1,1,1,1,1,0,1,1,1,1,1,1,1,1,0,1,1,1,0,1,1,0,0,2527,"2 hrs, 38 min, 21 sec",141495.393857013
"8","22",1,1,0,1,0,0,0,1,1,1,1,1,1,1,1,0,1,1,1,1,1,1,1,1,0,1,1,1,0,1,1,0,0,2527,"2 hrs, 39 min, 46 sec",141452.331460101
"8","23",1,1,0,0,0,1,0,1,1,1,1,1,1,1,1,0,1,1,1,1,1,1,1,1,0,1,1,1,0,1,1,0,0,2527,"2 hrs, 32 min, 18 sec",141377.164613394
"8","24",1,0,0,1,0,1,0,1,1,1,1,1,1,1,1,0,1,1,1,1,1,1,1,1,0,1,1,1,0,1,1,0,0,2527,"2 hrs, 34 min, 27 sec",141469.371515655
"8","25",0,1,0,1,0,1,0,1,1,1,1,1,1,1,1,0,1,1,1,1,1,1,1,1,0,1,1,1,0,1,1,0,0,2527,"2 hrs, 35 min, 43 sec",141411.429705735
"9","1",1,1,0,1,0,1,0,1,1,1,1,1,1,0,1,0,1,1,1,1,1,1,1,1,0,1,1,1,0,1,0,0,0,2426,"2 hrs, 31 min, 17 sec",141364.198117098
"9","2",1,1,0,1,0,1,0,1,1,1,1,1,1,0,1,0,1,1,1,1,1,1,1,1,0,1,1,1,0,0,1,0,0,2426,"2 hrs, 31 min, 57 sec",141407.792838433
"9","3",1,1,0,1,0,1,0,1,1,1,1,1,1,0,1,0,1,1,1,1,1,1,1,1,0,1,1,0,0,1,1,0,0,2426,"2 hrs, 24 min, 18 sec",141331.82749436
"9","4",1,1,0,1,0,1,0,1,1,1,1,1,1,0,1,0,1,1,1,1,1,1,1,1,0,1,0,1,0,1,1,0,0,2426,"2 hrs, 31 min, 27 sec",141380.443933282
"9","5",1,1,0,1,0,1,0,1,1,1,1,1,1,0,1,0,1,1,1,1,1,1,1,1,0,0,1,1,0,1,1,0,0,2426,"2 hrs, 34 min, 45 sec",141377.587195428
"9","6",1,1,0,1,0,1,0,1,1,1,1,1,1,0,1,0,1,1,1,1,1,1,1,0,0,1,1,1,0,1,1,0,0,2426,"2 hrs, 27 min, 35 sec",141351.413098304
"9","7",1,1,0,1,0,1,0,1,1,1,1,1,1,0,1,0,1,1,1,1,1,1,0,1,0,1,1,1,0,1,1,0,0,2426,"2 hrs, 33 min, 2 sec",141356.351705416
"9","8",1,1,0,1,0,1,0,1,1,1,1,1,1,0,1,0,1,1,1,1,1,0,1,1,0,1,1,1,0,1,1,0,0,2426,"2 hrs, 30 min, 45 sec",141355.742217364
"9","9",1,1,0,1,0,1,0,1,1,1,1,1,1,0,1,0,1,1,1,1,0,1,1,1,0,1,1,1,0,1,1,0,0,2426,"2 hrs, 29 min, 0 sec",141277.317524992
"9","10",1,1,0,1,0,1,0,1,1,1,1,1,1,0,1,0,1,1,1,0,1,1,1,1,0,1,1,1,0,1,1,0,0,2426,"2 hrs, 30 min, 19 sec",141258.277781428
"9","11",1,1,0,1,0,1,0,1,1,1,1,1,1,0,1,0,1,1,0,1,1,1,1,1,0,1,1,1,0,1,1,0,0,2426,"2 hrs, 33 min, 13 sec",141346.572643077
"9","12",1,1,0,1,0,1,0,1,1,1,1,1,1,0,1,0,1,0,1,1,1,1,1,1,0,1,1,1,0,1,1,0,0,2426,"2 hrs, 31 min, 42 sec",141293.256045493
"9","13",1,1,0,1,0,1,0,1,1,1,1,1,1,0,1,0,0,1,1,1,1,1,1,1,0,1,1,1,0,1,1,0,0,2426,"2 hrs, 32 min, 16 sec",141344.911726776
"9","14",1,1,0,1,0,1,0,1,1,1,1,1,1,0,0,0,1,1,1,1,1,1,1,1,0,1,1,1,0,1,1,0,0,2426,"2 hrs, 32 min, 30 sec",141340.90218393
"9","15",1,1,0,1,0,1,0,1,1,1,1,1,0,0,1,0,1,1,1,1,1,1,1,1,0,1,1,1,0,1,1,0,0,2426,"2 hrs, 30 min, 53 sec",141335.995491506
"9","16",1,1,0,1,0,1,0,1,1,1,1,0,1,0,1,0,1,1,1,1,1,1,1,1,0,1,1,1,0,1,1,0,0,2426,"2 hrs, 27 min, 12 sec",141297.697226544
"9","17",1,1,0,1,0,1,0,1,1,1,0,1,1,0,1,0,1,1,1,1,1,1,1,1,0,1,1,1,0,1,1,0,0,2426,"2 hrs, 30 min, 32 sec",141289.694395949
"9","18",1,1,0,1,0,1,0,1,1,0,1,1,1,0,1,0,1,1,1,1,1,1,1,1,0,1,1,1,0,1,1,0,0,2426,"2 hrs, 24 min, 56 sec",141351.736374974
"9","19",1,1,0,1,0,1,0,1,0,1,1,1,1,0,1,0,1,1,1,1,1,1,1,1,0,1,1,1,0,1,1,0,0,2426,"2 hrs, 31 min, 32 sec",141301.979318214
"9","20",1,1,0,1,0,1,0,0,1,1,1,1,1,0,1,0,1,1,1,1,1,1,1,1,0,1,1,1,0,1,1,0,0,2426,"2 hrs, 39 min, 33 sec",141390.099429586
"9","21",1,1,0,1,0,0,0,1,1,1,1,1,1,0,1,0,1,1,1,1,1,1,1,1,0,1,1,1,0,1,1,0,0,2426,"2 hrs, 34 min, 43 sec",141325.832830582
"9","22",1,1,0,0,0,1,0,1,1,1,1,1,1,0,1,0,1,1,1,1,1,1,1,1,0,1,1,1,0,1,1,0,0,2426,"2 hrs, 30 min, 45 sec",141309.792937284
"9","23",1,0,0,1,0,1,0,1,1,1,1,1,1,0,1,0,1,1,1,1,1,1,1,1,0,1,1,1,0,1,1,0,0,2426,"2 hrs, 32 min, 2 sec",141526.532435078
"9","24",0,1,0,1,0,1,0,1,1,1,1,1,1,0,1,0,1,1,1,1,1,1,1,1,0,1,1,1,0,1,1,0,0,2426,"2 hrs, 30 min, 13 sec",141317.139084254
"10","1",1,1,0,1,0,1,0,1,1,1,1,1,1,0,1,0,1,1,1,0,1,1,1,1,0,1,1,1,0,1,0,0,0,2325,"2 hrs, 30 min, 33 sec",141299.342872963
"10","2",1,1,0,1,0,1,0,1,1,1,1,1,1,0,1,0,1,1,1,0,1,1,1,1,0,1,1,1,0,0,1,0,0,2325,"2 hrs, 27 min, 28 sec",141307.090801371
"10","3",1,1,0,1,0,1,0,1,1,1,1,1,1,0,1,0,1,1,1,0,1,1,1,1,0,1,1,0,0,1,1,0,0,2325,"2 hrs, 24 min, 54 sec",141233.216081171
"10","4",1,1,0,1,0,1,0,1,1,1,1,1,1,0,1,0,1,1,1,0,1,1,1,1,0,1,0,1,0,1,1,0,0,2325,"2 hrs, 24 min, 20 sec",141325.748421719
"10","5",1,1,0,1,0,1,0,1,1,1,1,1,1,0,1,0,1,1,1,0,1,1,1,1,0,0,1,1,0,1,1,0,0,2325,"2 hrs, 26 min, 52 sec",141319.979569098
"10","6",1,1,0,1,0,1,0,1,1,1,1,1,1,0,1,0,1,1,1,0,1,1,1,0,0,1,1,1,0,1,1,0,0,2325,"2 hrs, 27 min, 25 sec",141275.469431066
"10","7",1,1,0,1,0,1,0,1,1,1,1,1,1,0,1,0,1,1,1,0,1,1,0,1,0,1,1,1,0,1,1,0,0,2325,"2 hrs, 23 min, 48 sec",141268.856459096
"10","8",1,1,0,1,0,1,0,1,1,1,1,1,1,0,1,0,1,1,1,0,1,0,1,1,0,1,1,1,0,1,1,0,0,2325,"2 hrs, 27 min, 2 sec",141255.845917297
"10","9",1,1,0,1,0,1,0,1,1,1,1,1,1,0,1,0,1,1,1,0,0,1,1,1,0,1,1,1,0,1,1,0,0,2325,"2 hrs, 28 min, 23 sec",141205.963342728
"10","10",1,1,0,1,0,1,0,1,1,1,1,1,1,0,1,0,1,1,0,0,1,1,1,1,0,1,1,1,0,1,1,0,0,2325,"2 hrs, 27 min, 28 sec",141247.410737075
"10","11",1,1,0,1,0,1,0,1,1,1,1,1,1,0,1,0,1,0,1,0,1,1,1,1,0,1,1,1,0,1,1,0,0,2325,"2 hrs, 29 min, 18 sec",141179.660219835
"10","12",1,1,0,1,0,1,0,1,1,1,1,1,1,0,1,0,0,1,1,0,1,1,1,1,0,1,1,1,0,1,1,0,0,2325,"2 hrs, 24 min, 26 sec",141251.570355029
"10","13",1,1,0,1,0,1,0,1,1,1,1,1,1,0,0,0,1,1,1,0,1,1,1,1,0,1,1,1,0,1,1,0,0,2325,"2 hrs, 27 min, 47 sec",141249.648745466
"10","14",1,1,0,1,0,1,0,1,1,1,1,1,0,0,1,0,1,1,1,0,1,1,1,1,0,1,1,1,0,1,1,0,0,2325,"2 hrs, 31 min, 0 sec",141259.677585264
"10","15",1,1,0,1,0,1,0,1,1,1,1,0,1,0,1,0,1,1,1,0,1,1,1,1,0,1,1,1,0,1,1,0,0,2325,"2 hrs, 29 min, 56 sec",141209.629412144
"10","16",1,1,0,1,0,1,0,1,1,1,0,1,1,0,1,0,1,1,1,0,1,1,1,1,0,1,1,1,0,1,1,0,0,2325,"2 hrs, 36 min, 27 sec",141223.198288143
"10","17",1,1,0,1,0,1,0,1,1,0,1,1,1,0,1,0,1,1,1,0,1,1,1,1,0,1,1,1,0,1,1,0,0,2325,"2 hrs, 26 min, 28 sec",141266.659107968
"10","18",1,1,0,1,0,1,0,1,0,1,1,1,1,0,1,0,1,1,1,0,1,1,1,1,0,1,1,1,0,1,1,0,0,2325,"2 hrs, 28 min, 20 sec",141226.551805242
"10","19",1,1,0,1,0,1,0,0,1,1,1,1,1,0,1,0,1,1,1,0,1,1,1,1,0,1,1,1,0,1,1,0,0,2325,"2 hrs, 37 min, 4 sec",141310.91768718
"10","20",1,1,0,1,0,0,0,1,1,1,1,1,1,0,1,0,1,1,1,0,1,1,1,1,0,1,1,1,0,1,1,0,0,2325,"2 hrs, 21 min, 44 sec",141254.972681394
"10","21",1,1,0,0,0,1,0,1,1,1,1,1,1,0,1,0,1,1,1,0,1,1,1,1,0,1,1,1,0,1,1,0,0,2325,"2 hrs, 27 min, 26 sec",141237.882931427
"10","22",1,0,0,1,0,1,0,1,1,1,1,1,1,0,1,0,1,1,1,0,1,1,1,1,0,1,1,1,0,1,1,0,0,2325,"2 hrs, 34 min, 37 sec",141404.494341872
"10","23",0,1,0,1,0,1,0,1,1,1,1,1,1,0,1,0,1,1,1,0,1,1,1,1,0,1,1,1,0,1,1,0,0,2325,"2 hrs, 27 min, 33 sec",141244.089514162
"11","1",1,1,0,1,0,1,0,1,1,1,1,1,1,0,1,0,1,0,1,0,1,1,1,1,0,1,1,1,0,1,0,0,0,2224,"2 hrs, 24 min, 42 sec",141225.534977748
"11","2",1,1,0,1,0,1,0,1,1,1,1,1,1,0,1,0,1,0,1,0,1,1,1,1,0,1,1,1,0,0,1,0,0,2224,"2 hrs, 24 min, 49 sec",141232.837282729
"11","3",1,1,0,1,0,1,0,1,1,1,1,1,1,0,1,0,1,0,1,0,1,1,1,1,0,1,1,0,0,1,1,0,0,2224,"2 hrs, 31 min, 48 sec",141185.121116661
"11","4",1,1,0,1,0,1,0,1,1,1,1,1,1,0,1,0,1,0,1,0,1,1,1,1,0,1,0,1,0,1,1,0,0,2224,"2 hrs, 22 min, 0 sec",141207.473506483
"11","5",1,1,0,1,0,1,0,1,1,1,1,1,1,0,1,0,1,0,1,0,1,1,1,1,0,0,1,1,0,1,1,0,0,2224,"2 hrs, 27 min, 49 sec",141222.575884732
"11","6",1,1,0,1,0,1,0,1,1,1,1,1,1,0,1,0,1,0,1,0,1,1,1,0,0,1,1,1,0,1,1,0,0,2224,"2 hrs, 19 min, 19 sec",141185.500907554
"11","7",1,1,0,1,0,1,0,1,1,1,1,1,1,0,1,0,1,0,1,0,1,1,0,1,0,1,1,1,0,1,1,0,0,2224,"2 hrs, 25 min, 39 sec",141251.334760104
"11","8",1,1,0,1,0,1,0,1,1,1,1,1,1,0,1,0,1,0,1,0,1,0,1,1,0,1,1,1,0,1,1,0,0,2224,"2 hrs, 19 min, 20 sec",141180.274353722
"11","9",1,1,0,1,0,1,0,1,1,1,1,1,1,0,1,0,1,0,1,0,0,1,1,1,0,1,1,1,0,1,1,0,0,2224,"2 hrs, 22 min, 10 sec",141153.460829842
"11","10",1,1,0,1,0,1,0,1,1,1,1,1,1,0,1,0,1,0,0,0,1,1,1,1,0,1,1,1,0,1,1,0,0,2224,"2 hrs, 23 min, 21 sec",141170.933490243
"11","11",1,1,0,1,0,1,0,1,1,1,1,1,1,0,1,0,0,0,1,0,1,1,1,1,0,1,1,1,0,1,1,0,0,2224,"2 hrs, 26 min, 33 sec",141204.952741644
"11","12",1,1,0,1,0,1,0,1,1,1,1,1,1,0,0,0,1,0,1,0,1,1,1,1,0,1,1,1,0,1,1,0,0,2224,"2 hrs, 25 min, 31 sec",141166.915302414
"11","13",1,1,0,1,0,1,0,1,1,1,1,1,0,0,1,0,1,0,1,0,1,1,1,1,0,1,1,1,0,1,1,0,0,2224,"2 hrs, 21 min, 44 sec",141182.251728418
"11","14",1,1,0,1,0,1,0,1,1,1,1,0,1,0,1,0,1,0,1,0,1,1,1,1,0,1,1,1,0,1,1,0,0,2224,"2 hrs, 25 min, 13 sec",141142.884189411
"11","15",1,1,0,1,0,1,0,1,1,1,0,1,1,0,1,0,1,0,1,0,1,1,1,1,0,1,1,1,0,1,1,0,0,2224,"2 hrs, 26 min, 28 sec",141179.351008125
"11","16",1,1,0,1,0,1,0,1,1,0,1,1,1,0,1,0,1,0,1,0,1,1,1,1,0,1,1,1,0,1,1,0,0,2224,"2 hrs, 25 min, 40 sec",141145.336845528
"11","17",1,1,0,1,0,1,0,1,0,1,1,1,1,0,1,0,1,0,1,0,1,1,1,1,0,1,1,1,0,1,1,0,0,2224,"2 hrs, 26 min, 37 sec",141152.507435986
"11","18",1,1,0,1,0,1,0,0,1,1,1,1,1,0,1,0,1,0,1,0,1,1,1,1,0,1,1,1,0,1,1,0,0,2224,"2 hrs, 24 min, 14 sec",141261.384396653
"11","19",1,1,0,1,0,0,0,1,1,1,1,1,1,0,1,0,1,0,1,0,1,1,1,1,0,1,1,1,0,1,1,0,0,2224,"2 hrs, 21 min, 45 sec",141193.089384365
"11","20",1,1,0,0,0,1,0,1,1,1,1,1,1,0,1,0,1,0,1,0,1,1,1,1,0,1,1,1,0,1,1,0,0,2224,"2 hrs, 26 min, 25 sec",141112.955936719
"11","21",1,0,0,1,0,1,0,1,1,1,1,1,1,0,1,0,1,0,1,0,1,1,1,1,0,1,1,1,0,1,1,0,0,2224,"2 hrs, 20 min, 39 sec",141329.90018836
"11","22",0,1,0,1,0,1,0,1,1,1,1,1,1,0,1,0,1,0,1,0,1,1,1,1,0,1,1,1,0,1,1,0,0,2224,"2 hrs, 26 min, 42 sec",141182.698414849
"12","1",1,1,0,0,0,1,0,1,1,1,1,1,1,0,1,0,1,0,1,0,1,1,1,1,0,1,1,1,0,1,0,0,0,2123,"2 hrs, 19 min, 4 sec",141147.241966472
"12","2",1,1,0,0,0,1,0,1,1,1,1,1,1,0,1,0,1,0,1,0,1,1,1,1,0,1,1,1,0,0,1,0,0,2123,"2 hrs, 17 min, 49 sec",141146.081205906
"12","3",1,1,0,0,0,1,0,1,1,1,1,1,1,0,1,0,1,0,1,0,1,1,1,1,0,1,1,0,0,1,1,0,0,2123,"2 hrs, 13 min, 49 sec",141111.708275582
"12","4",1,1,0,0,0,1,0,1,1,1,1,1,1,0,1,0,1,0,1,0,1,1,1,1,0,1,0,1,0,1,1,0,0,2123,"2 hrs, 22 min, 26 sec",141125.79134298
"12","5",1,1,0,0,0,1,0,1,1,1,1,1,1,0,1,0,1,0,1,0,1,1,1,1,0,0,1,1,0,1,1,0,0,2123,"2 hrs, 18 min, 0 sec",141161.91771496
"12","6",1,1,0,0,0,1,0,1,1,1,1,1,1,0,1,0,1,0,1,0,1,1,1,0,0,1,1,1,0,1,1,0,0,2123,"2 hrs, 16 min, 52 sec",141111.229591084
"12","7",1,1,0,0,0,1,0,1,1,1,1,1,1,0,1,0,1,0,1,0,1,1,0,1,0,1,1,1,0,1,1,0,0,2123,"2 hrs, 16 min, 12 sec",141122.607958881
"12","8",1,1,0,0,0,1,0,1,1,1,1,1,1,0,1,0,1,0,1,0,1,0,1,1,0,1,1,1,0,1,1,0,0,2123,"2 hrs, 14 min, 29 sec",141130.814312285
"12","9",1,1,0,0,0,1,0,1,1,1,1,1,1,0,1,0,1,0,1,0,0,1,1,1,0,1,1,1,0,1,1,0,0,2123,"2 hrs, 20 min, 46 sec",141065.304210205
"12","10",1,1,0,0,0,1,0,1,1,1,1,1,1,0,1,0,1,0,0,0,1,1,1,1,0,1,1,1,0,1,1,0,0,2123,"2 hrs, 16 min, 0 sec",141103.010156651
"12","11",1,1,0,0,0,1,0,1,1,1,1,1,1,0,1,0,0,0,1,0,1,1,1,1,0,1,1,1,0,1,1,0,0,2123,"2 hrs, 20 min, 21 sec",141224.058326671
"12","12",1,1,0,0,0,1,0,1,1,1,1,1,1,0,0,0,1,0,1,0,1,1,1,1,0,1,1,1,0,1,1,0,0,2123,"2 hrs, 14 min, 23 sec",141082.039311423
"12","13",1,1,0,0,0,1,0,1,1,1,1,1,0,0,1,0,1,0,1,0,1,1,1,1,0,1,1,1,0,1,1,0,0,2123,"2 hrs, 16 min, 29 sec",141118.903198397
"12","14",1,1,0,0,0,1,0,1,1,1,1,0,1,0,1,0,1,0,1,0,1,1,1,1,0,1,1,1,0,1,1,0,0,2123,"2 hrs, 19 min, 46 sec",141087.470988606
"12","15",1,1,0,0,0,1,0,1,1,1,0,1,1,0,1,0,1,0,1,0,1,1,1,1,0,1,1,1,0,1,1,0,0,2123,"2 hrs, 23 min, 0 sec",141117.588521687
"12","16",1,1,0,0,0,1,0,1,1,0,1,1,1,0,1,0,1,0,1,0,1,1,1,1,0,1,1,1,0,1,1,0,0,2123,"2 hrs, 18 min, 6 sec",141151.624054241
"12","17",1,1,0,0,0,1,0,1,0,1,1,1,1,0,1,0,1,0,1,0,1,1,1,1,0,1,1,1,0,1,1,0,0,2123,"2 hrs, 19 min, 47 sec",141121.026623637
"12","18",1,1,0,0,0,1,0,0,1,1,1,1,1,0,1,0,1,0,1,0,1,1,1,1,0,1,1,1,0,1,1,0,0,2123,"2 hrs, 18 min, 16 sec",141194.243613797
"12","19",1,1,0,0,0,0,0,1,1,1,1,1,1,0,1,0,1,0,1,0,1,1,1,1,0,1,1,1,0,1,1,0,0,2123,"2 hrs, 17 min, 23 sec",141110.155336865
"12","20",1,0,0,0,0,1,0,1,1,1,1,1,1,0,1,0,1,0,1,0,1,1,1,1,0,1,1,1,0,1,1,0,0,2123,"2 hrs, 13 min, 4 sec",141674.093339886
"12","21",0,1,0,0,0,1,0,1,1,1,1,1,1,0,1,0,1,0,1,0,1,1,1,1,0,1,1,1,0,1,1,0,0,2123,"2 hrs, 23 min, 26 sec",141182.694733309
"13","1",1,1,0,0,0,1,0,1,1,1,1,1,1,0,1,0,1,0,1,0,0,1,1,1,0,1,1,1,0,1,0,0,0,2022,"2 hrs, 23 min, 38 sec",141113.28759773
"13","2",1,1,0,0,0,1,0,1,1,1,1,1,1,0,1,0,1,0,1,0,0,1,1,1,0,1,1,1,0,0,1,0,0,2022,"2 hrs, 20 min, 35 sec",141134.911409416
"13","3",1,1,0,0,0,1,0,1,1,1,1,1,1,0,1,0,1,0,1,0,0,1,1,1,0,1,1,0,0,1,1,0,0,2022,"2 hrs, 12 min, 57 sec",141076.598088698
"13","4",1,1,0,0,0,1,0,1,1,1,1,1,1,0,1,0,1,0,1,0,0,1,1,1,0,1,0,1,0,1,1,0,0,2022,"2 hrs, 19 min, 20 sec",141118.537253805
"13","5",1,1,0,0,0,1,0,1,1,1,1,1,1,0,1,0,1,0,1,0,0,1,1,1,0,0,1,1,0,1,1,0,0,2022,"2 hrs, 19 min, 49 sec",141073.14059377
"13","6",1,1,0,0,0,1,0,1,1,1,1,1,1,0,1,0,1,0,1,0,0,1,1,0,0,1,1,1,0,1,1,0,0,2022,"2 hrs, 15 min, 44 sec",141067.648454879
"13","7",1,1,0,0,0,1,0,1,1,1,1,1,1,0,1,0,1,0,1,0,0,1,0,1,0,1,1,1,0,1,1,0,0,2022,"2 hrs, 16 min, 47 sec",141069.197576939
"13","8",1,1,0,0,0,1,0,1,1,1,1,1,1,0,1,0,1,0,1,0,0,0,1,1,0,1,1,1,0,1,1,0,0,2022,"2 hrs, 21 min, 43 sec",141089.008277685
"13","9",1,1,0,0,0,1,0,1,1,1,1,1,1,0,1,0,1,0,0,0,0,1,1,1,0,1,1,1,0,1,1,0,0,2022,"2 hrs, 16 min, 8 sec",141052.940801451
"13","10",1,1,0,0,0,1,0,1,1,1,1,1,1,0,1,0,0,0,1,0,0,1,1,1,0,1,1,1,0,1,1,0,0,2022,"2 hrs, 19 min, 17 sec",141173.299211818
"13","11",1,1,0,0,0,1,0,1,1,1,1,1,1,0,0,0,1,0,1,0,0,1,1,1,0,1,1,1,0,1,1,0,0,2022,"2 hrs, 13 min, 50 sec",141059.471809581
"13","12",1,1,0,0,0,1,0,1,1,1,1,1,0,0,1,0,1,0,1,0,0,1,1,1,0,1,1,1,0,1,1,0,0,2022,"2 hrs, 18 min, 33 sec",141067.650317708
"13","13",1,1,0,0,0,1,0,1,1,1,1,0,1,0,1,0,1,0,1,0,0,1,1,1,0,1,1,1,0,1,1,0,0,2022,"2 hrs, 23 min, 4 sec",141024.805957792
"13","14",1,1,0,0,0,1,0,1,1,1,0,1,1,0,1,0,1,0,1,0,0,1,1,1,0,1,1,1,0,1,1,0,0,2022,"2 hrs, 19 min, 28 sec",141042.116202419
"13","15",1,1,0,0,0,1,0,1,1,0,1,1,1,0,1,0,1,0,1,0,0,1,1,1,0,1,1,1,0,1,1,0,0,2022,"2 hrs, 22 min, 29 sec",141072.117004735
"13","16",1,1,0,0,0,1,0,1,0,1,1,1,1,0,1,0,1,0,1,0,0,1,1,1,0,1,1,1,0,1,1,0,0,2022,"2 hrs, 18 min, 49 sec",141049.295754977
"13","17",1,1,0,0,0,1,0,0,1,1,1,1,1,0,1,0,1,0,1,0,0,1,1,1,0,1,1,1,0,1,1,0,0,2022,"2 hrs, 16 min, 38 sec",141097.025547893
"13","18",1,1,0,0,0,0,0,1,1,1,1,1,1,0,1,0,1,0,1,0,0,1,1,1,0,1,1,1,0,1,1,0,0,2022,"2 hrs, 14 min, 52 sec",141053.139372329
"13","19",1,0,0,0,0,1,0,1,1,1,1,1,1,0,1,0,1,0,1,0,0,1,1,1,0,1,1,1,0,1,1,0,0,2022,"2 hrs, 21 min, 45 sec",141611.038027093
"13","20",0,1,0,0,0,1,0,1,1,1,1,1,1,0,1,0,1,0,1,0,0,1,1,1,0,1,1,1,0,1,1,0,0,2022,"2 hrs, 18 min, 5 sec",141125.909821768
"14","1",1,1,0,0,0,1,0,1,1,1,1,0,1,0,1,0,1,0,1,0,0,1,1,1,0,1,1,1,0,1,0,0,0,1921,"2 hrs, 13 min, 29 sec",141034.174342752
"14","2",1,1,0,0,0,1,0,1,1,1,1,0,1,0,1,0,1,0,1,0,0,1,1,1,0,1,1,1,0,0,1,0,0,1921,"2 hrs, 13 min, 42 sec",141059.259036986
"14","3",1,1,0,0,0,1,0,1,1,1,1,0,1,0,1,0,1,0,1,0,0,1,1,1,0,1,1,0,0,1,1,0,0,1921,"2 hrs, 16 min, 51 sec",140994.27907117
"14","4",1,1,0,0,0,1,0,1,1,1,1,0,1,0,1,0,1,0,1,0,0,1,1,1,0,1,0,1,0,1,1,0,0,1921,"2 hrs, 12 min, 0 sec",141030.569340729
"14","5",1,1,0,0,0,1,0,1,1,1,1,0,1,0,1,0,1,0,1,0,0,1,1,1,0,0,1,1,0,1,1,0,0,1921,"2 hrs, 11 min, 56 sec",140997.729089095
"14","6",1,1,0,0,0,1,0,1,1,1,1,0,1,0,1,0,1,0,1,0,0,1,1,0,0,1,1,1,0,1,1,0,0,1921,"2 hrs, 16 min, 56 sec",141000.385182955
"14","7",1,1,0,0,0,1,0,1,1,1,1,0,1,0,1,0,1,0,1,0,0,1,0,1,0,1,1,1,0,1,1,0,0,1921,"2 hrs, 15 min, 2 sec",140995.020323508
"14","8",1,1,0,0,0,1,0,1,1,1,1,0,1,0,1,0,1,0,1,0,0,0,1,1,0,1,1,1,0,1,1,0,0,1921,"2 hrs, 13 min, 10 sec",141008.215104826
"14","9",1,1,0,0,0,1,0,1,1,1,1,0,1,0,1,0,1,0,0,0,0,1,1,1,0,1,1,1,0,1,1,0,0,1921,"2 hrs, 12 min, 5 sec",140968.108660044
"14","10",1,1,0,0,0,1,0,1,1,1,1,0,1,0,1,0,0,0,1,0,0,1,1,1,0,1,1,1,0,1,1,0,0,1921,"2 hrs, 13 min, 19 sec",141128.311971257
"14","11",1,1,0,0,0,1,0,1,1,1,1,0,1,0,0,0,1,0,1,0,0,1,1,1,0,1,1,1,0,1,1,0,0,1921,"2 hrs, 10 min, 43 sec",141001.757108698
"14","12",1,1,0,0,0,1,0,1,1,1,1,0,0,0,1,0,1,0,1,0,0,1,1,1,0,1,1,1,0,1,1,0,0,1921,"2 hrs, 12 min, 30 sec",141066.2261674
"14","13",1,1,0,0,0,1,0,1,1,1,0,0,1,0,1,0,1,0,1,0,0,1,1,1,0,1,1,1,0,1,1,0,0,1921,"2 hrs, 8 min, 25 sec",141017.793663649
"14","14",1,1,0,0,0,1,0,1,1,0,1,0,1,0,1,0,1,0,1,0,0,1,1,1,0,1,1,1,0,1,1,0,0,1921,"2 hrs, 13 min, 14 sec",141007.532771503
"14","15",1,1,0,0,0,1,0,1,0,1,1,0,1,0,1,0,1,0,1,0,0,1,1,1,0,1,1,1,0,1,1,0,0,1921,"2 hrs, 10 min, 55 sec",140953.90441143
"14","16",1,1,0,0,0,1,0,0,1,1,1,0,1,0,1,0,1,0,1,0,0,1,1,1,0,1,1,1,0,1,1,0,0,1921,"2 hrs, 10 min, 5 sec",141066.884729637
"14","17",1,1,0,0,0,0,0,1,1,1,1,0,1,0,1,0,1,0,1,0,0,1,1,1,0,1,1,1,0,1,1,0,0,1921,"2 hrs, 18 min, 45 sec",140946.961204788
"14","18",1,0,0,0,0,1,0,1,1,1,1,0,1,0,1,0,1,0,1,0,0,1,1,1,0,1,1,1,0,1,1,0,0,1921,"2 hrs, 13 min, 58 sec",141446.772113437
"14","19",0,1,0,0,0,1,0,1,1,1,1,0,1,0,1,0,1,0,1,0,0,1,1,1,0,1,1,1,0,1,1,0,0,1921,"2 hrs, 15 min, 30 sec",141057.820627525
"15","1",1,1,0,0,0,0,0,1,1,1,1,0,1,0,1,0,1,0,1,0,0,1,1,1,0,1,1,1,0,1,0,0,0,1820,"2 hrs, 12 min, 38 sec",140953.168769548
"15","2",1,1,0,0,0,0,0,1,1,1,1,0,1,0,1,0,1,0,1,0,0,1,1,1,0,1,1,1,0,0,1,0,0,1820,"2 hrs, 13 min, 18 sec",140944.946440044
"15","3",1,1,0,0,0,0,0,1,1,1,1,0,1,0,1,0,1,0,1,0,0,1,1,1,0,1,1,0,0,1,1,0,0,1820,"2 hrs, 12 min, 39 sec",140908.951207979
"15","4",1,1,0,0,0,0,0,1,1,1,1,0,1,0,1,0,1,0,1,0,0,1,1,1,0,1,0,1,0,1,1,0,0,1820,"2 hrs, 13 min, 17 sec",140932.970360672
"15","5",1,1,0,0,0,0,0,1,1,1,1,0,1,0,1,0,1,0,1,0,0,1,1,1,0,0,1,1,0,1,1,0,0,1820,"2 hrs, 14 min, 3 sec",140921.217338128
"15","6",1,1,0,0,0,0,0,1,1,1,1,0,1,0,1,0,1,0,1,0,0,1,1,0,0,1,1,1,0,1,1,0,0,1820,"2 hrs, 11 min, 54 sec",140948.209466121
"15","7",1,1,0,0,0,0,0,1,1,1,1,0,1,0,1,0,1,0,1,0,0,1,0,1,0,1,1,1,0,1,1,0,0,1820,"2 hrs, 11 min, 38 sec",140900.074379816
"15","8",1,1,0,0,0,0,0,1,1,1,1,0,1,0,1,0,1,0,1,0,0,0,1,1,0,1,1,1,0,1,1,0,0,1820,"2 hrs, 12 min, 16 sec",140929.233105563
"15","9",1,1,0,0,0,0,0,1,1,1,1,0,1,0,1,0,1,0,0,0,0,1,1,1,0,1,1,1,0,1,1,0,0,1820,"2 hrs, 13 min, 57 sec",140899.284039695
"15","10",1,1,0,0,0,0,0,1,1,1,1,0,1,0,1,0,0,0,1,0,0,1,1,1,0,1,1,1,0,1,1,0,0,1820,"2 hrs, 13 min, 19 sec",141037.431887367
"15","11",1,1,0,0,0,0,0,1,1,1,1,0,1,0,0,0,1,0,1,0,0,1,1,1,0,1,1,1,0,1,1,0,0,1820,"2 hrs, 6 min, 21 sec",140936.637637997
"15","12",1,1,0,0,0,0,0,1,1,1,1,0,0,0,1,0,1,0,1,0,0,1,1,1,0,1,1,1,0,1,1,0,0,1820,"2 hrs, 10 min, 29 sec",140981.830686782
"15","13",1,1,0,0,0,0,0,1,1,1,0,0,1,0,1,0,1,0,1,0,0,1,1,1,0,1,1,1,0,1,1,0,0,1820,"2 hrs, 7 min, 32 sec",140919.137146112
"15","14",1,1,0,0,0,0,0,1,1,0,1,0,1,0,1,0,1,0,1,0,0,1,1,1,0,1,1,1,0,1,1,0,0,1820,"2 hrs, 4 min, 54 sec",140963.389504969
"15","15",1,1,0,0,0,0,0,1,0,1,1,0,1,0,1,0,1,0,1,0,0,1,1,1,0,1,1,1,0,1,1,0,0,1820,"2 hrs, 7 min, 55 sec",140902.782764315
"15","16",1,1,0,0,0,0,0,0,1,1,1,0,1,0,1,0,1,0,1,0,0,1,1,1,0,1,1,1,0,1,1,0,0,1820,"2 hrs, 16 min, 52 sec",141034.712514802
"15","17",1,0,0,0,0,0,0,1,1,1,1,0,1,0,1,0,1,0,1,0,0,1,1,1,0,1,1,1,0,1,1,0,0,1820,"2 hrs, 13 min, 2 sec",141583.283212762
"15","18",0,1,0,0,0,0,0,1,1,1,1,0,1,0,1,0,1,0,1,0,0,1,1,1,0,1,1,1,0,1,1,0,0,1820,"2 hrs, 10 min, 2 sec",140976.703068513
"16","1",1,1,0,0,0,0,0,1,1,1,1,0,1,0,1,0,1,0,0,0,0,1,1,1,0,1,1,1,0,1,0,0,0,1719,"2 hrs, 4 min, 47 sec",140921.98188703
"16","2",1,1,0,0,0,0,0,1,1,1,1,0,1,0,1,0,1,0,0,0,0,1,1,1,0,1,1,1,0,0,1,1,1,1719,"1 hrs, 57 min, 2 sec",140915.616235359
"16","3",1,1,0,0,0,0,0,1,1,1,1,0,1,0,1,0,1,0,0,0,0,1,1,1,0,1,1,0,0,1,1,0,0,1719,"1 hrs, 55 min, 22 sec",140864.138949457
"16","4",1,1,0,0,0,0,0,1,1,1,1,0,1,0,1,0,1,0,0,0,0,1,1,1,0,1,0,1,0,1,1,0,0,1719,"2 hrs, 4 min, 32 sec",140917.551044685
"16","5",1,1,0,0,0,0,0,1,1,1,1,0,1,0,1,0,1,0,0,0,0,1,1,1,0,0,1,1,0,1,1,0,0,1719,"1 hrs, 56 min, 59 sec",140896.386718746
"16","6",1,1,0,0,0,0,0,1,1,1,1,0,1,0,1,0,1,0,0,0,0,1,1,0,0,1,1,1,0,1,1,0,0,1719,"1 hrs, 41 min, 33 sec",140898.451607817
"16","7",1,1,0,0,0,0,0,1,1,1,1,0,1,0,1,0,1,0,0,0,0,1,0,1,0,1,1,1,0,1,1,0,0,1719,"2 hrs, 3 min, 8 sec",140885.704834505
"16","8",1,1,0,0,0,0,0,1,1,1,1,0,1,0,1,0,1,0,0,0,0,0,1,1,0,1,1,1,0,1,1,0,0,1719,"1 hrs, 52 min, 17 sec",140882.903293342
"16","9",1,1,0,0,0,0,0,1,1,1,1,0,1,0,1,0,0,0,0,0,0,1,1,1,0,1,1,1,0,1,1,0,1,1719,"2 hrs, 5 min, 38 sec",141211.59897616
"16","10",1,1,0,0,0,0,0,1,1,1,1,0,1,0,0,0,1,0,0,0,0,1,1,1,0,1,1,1,0,1,1,0,0,1719,"2 hrs, 0 min, 12 sec",140905.619972577
"16","11",1,1,0,0,0,0,0,1,1,1,1,0,0,0,1,0,1,0,0,0,0,1,1,1,0,1,1,1,0,1,1,0,0,1719,"1 hrs, 57 min, 39 sec",140972.824877984
"16","12",1,1,0,0,0,0,0,1,1,1,0,0,1,0,1,0,1,0,0,0,0,1,1,1,0,1,1,1,0,1,1,0,0,1719,"2 hrs, 6 min, 16 sec",140880.723196348
"16","13",1,1,0,0,0,0,0,1,1,0,1,0,1,0,1,0,1,0,0,0,0,1,1,1,0,1,1,1,0,1,1,0,0,1719,"2 hrs, 1 min, 40 sec",140912.377483934
"16","14",1,1,0,0,0,0,0,1,0,1,1,0,1,0,1,0,1,0,0,0,0,1,1,1,0,1,1,1,0,1,1,0,0,1719,"3 hrs, 30 min, 12 sec",140874.871555861
"16","15",1,1,0,0,0,0,0,0,1,1,1,0,1,0,1,0,1,0,0,0,0,1,1,1,0,1,1,1,0,1,1,0,0,1719,"3 hrs, 23 min, 31 sec",140989.854576566
"16","16",1,0,0,0,0,0,0,1,1,1,1,0,1,0,1,0,1,0,0,0,0,1,1,1,0,1,1,1,0,1,1,1,1,1719,"3 hrs, 13 min, 47 sec",141874.457676831
"16","17",0,1,0,0,0,0,0,1,1,1,1,0,1,0,1,0,1,0,0,0,0,1,1,1,0,1,1,1,0,1,1,0,1,1719,"3 hrs, 17 min, 56 sec",140946.21722811
"17","1",1,1,0,0,0,0,0,1,1,1,1,0,1,0,1,0,1,0,0,0,0,1,1,1,0,1,1,0,0,1,0,3,6,1618,"2 hrs, 37 min, 37 sec",140919.252493463
"17","2",1,1,0,0,0,0,0,1,1,1,1,0,1,0,1,0,1,0,0,0,0,1,1,1,0,1,1,0,0,0,1,0,0,1618,"2 hrs, 42 min, 30 sec",140887.218494217
"17","3",1,1,0,0,0,0,0,1,1,1,1,0,1,0,1,0,1,0,0,0,0,1,1,1,0,1,0,0,0,1,1,0,1,1618,"2 hrs, 37 min, 32 sec",140872.667306859
"17","4",1,1,0,0,0,0,0,1,1,1,1,0,1,0,1,0,1,0,0,0,0,1,1,1,0,0,1,0,0,1,1,2,3,1618,"2 hrs, 35 min, 18 sec",140816.704304976
"17","5",1,1,0,0,0,0,0,1,1,1,1,0,1,0,1,0,1,0,0,0,0,1,1,0,0,1,1,0,0,1,1,1,1,1618,"2 hrs, 39 min, 24 sec",140871.800948707
"17","6",1,1,0,0,0,0,0,1,1,1,1,0,1,0,1,0,1,0,0,0,0,1,0,1,0,1,1,0,0,1,1,1,1,1618,"2 hrs, 35 min, 11 sec",140863.859682734
"17","7",1,1,0,0,0,0,0,1,1,1,1,0,1,0,1,0,1,0,0,0,0,0,1,1,0,1,1,0,0,1,1,0,0,1618,"3 hrs, 6 min, 16 sec",140880.956025185
"17","8",1,1,0,0,0,0,0,1,1,1,1,0,1,0,1,0,0,0,0,0,0,1,1,1,0,1,1,0,0,1,1,0,0,1618,"2 hrs, 36 min, 27 sec",141175.706595745
"17","9",1,1,0,0,0,0,0,1,1,1,1,0,1,0,0,0,1,0,0,0,0,1,1,1,0,1,1,0,0,1,1,1,1,1618,"2 hrs, 41 min, 16 sec",140879.928849994
"17","10",1,1,0,0,0,0,0,1,1,1,1,0,0,0,1,0,1,0,0,0,0,1,1,1,0,1,1,0,0,1,1,1,2,1618,"2 hrs, 46 min, 39 sec",140960.377997035
"17","11",1,1,0,0,0,0,0,1,1,1,0,0,1,0,1,0,1,0,0,0,0,1,1,1,0,1,1,0,0,1,1,0,0,1618,"2 hrs, 39 min, 29 sec",140852.894967347
"17","12",1,1,0,0,0,0,0,1,1,0,1,0,1,0,1,0,1,0,0,0,0,1,1,1,0,1,1,0,0,1,1,0,1,1618,"2 hrs, 34 min, 13 sec",140843.681738691
"17","13",1,1,0,0,0,0,0,1,0,1,1,0,1,0,1,0,1,0,0,0,0,1,1,1,0,1,1,0,0,1,1,0,1,1618,"2 hrs, 56 min, 48 sec",140832.784996904
"17","14",1,1,0,0,0,0,0,0,1,1,1,0,1,0,1,0,1,0,0,0,0,1,1,1,0,1,1,0,0,1,1,0,0,1618,"3 hrs, 3 min, 13 sec",140962.945238705
"17","15",1,0,0,0,0,0,0,1,1,1,1,0,1,0,1,0,1,0,0,0,0,1,1,1,0,1,1,0,0,1,1,0,1,1618,"3 hrs, 4 min, 58 sec",141829.036163188
"17","16",0,1,0,0,0,0,0,1,1,1,1,0,1,0,1,0,1,0,0,0,0,1,1,1,0,1,1,0,0,1,1,0,0,1618,"3 hrs, 5 min, 17 sec",140911.347281397
"18","1",1,1,0,0,0,0,0,1,1,1,1,0,1,0,1,0,1,0,0,0,0,1,1,1,0,0,1,0,0,1,0,0,1,1517,"2 hrs, 34 min, 49 sec",140877.90936612
"18","2",1,1,0,0,0,0,0,1,1,1,1,0,1,0,1,0,1,0,0,0,0,1,1,1,0,0,1,0,0,0,1,0,1,1517,"2 hrs, 25 min, 7 sec",140875.344292025
"18","3",1,1,0,0,0,0,0,1,1,1,1,0,1,0,1,0,1,0,0,0,0,1,1,1,0,0,0,0,0,1,1,0,0,1517,"2 hrs, 30 min, 12 sec",140866.785445458
"18","4",1,1,0,0,0,0,0,1,1,1,1,0,1,0,1,0,1,0,0,0,0,1,1,0,0,0,1,0,0,1,1,0,0,1517,"2 hrs, 39 min, 5 sec",140860.90271102
"18","5",1,1,0,0,0,0,0,1,1,1,1,0,1,0,1,0,1,0,0,0,0,1,0,1,0,0,1,0,0,1,1,1,1,1517,"2 hrs, 30 min, 32 sec",140871.247691105
"18","6",1,1,0,0,0,0,0,1,1,1,1,0,1,0,1,0,1,0,0,0,0,0,1,1,0,0,1,0,0,1,1,2,2,1517,"2 hrs, 33 min, 45 sec",140831.395751401
"18","7",1,1,0,0,0,0,0,1,1,1,1,0,1,0,1,0,0,0,0,0,0,1,1,1,0,0,1,0,0,1,1,0,2,1517,"2 hrs, 41 min, 12 sec",141241.141873814
"18","8",1,1,0,0,0,0,0,1,1,1,1,0,1,0,0,0,1,0,0,0,0,1,1,1,0,0,1,0,0,1,1,0,0,1517,"2 hrs, 31 min, 29 sec",140851.408160015
"18","9",1,1,0,0,0,0,0,1,1,1,1,0,0,0,1,0,1,0,0,0,0,1,1,1,0,0,1,0,0,1,1,0,1,1517,"2 hrs, 36 min, 42 sec",140917.300106538
"18","10",1,1,0,0,0,0,0,1,1,1,0,0,1,0,1,0,1,0,0,0,0,1,1,1,0,0,1,0,0,1,1,0,1,1517,"2 hrs, 34 min, 17 sec",140816.226924929
"18","11",1,1,0,0,0,0,0,1,1,0,1,0,1,0,1,0,1,0,0,0,0,1,1,1,0,0,1,0,0,1,1,0,1,1517,"2 hrs, 37 min, 30 sec",140804.037900161
"18","12",1,1,0,0,0,0,0,1,0,1,1,0,1,0,1,0,1,0,0,0,0,1,1,1,0,0,1,0,0,1,1,4,6,1517,"2 hrs, 32 min, 48 sec",140792.041529989
"18","13",1,1,0,0,0,0,0,0,1,1,1,0,1,0,1,0,1,0,0,0,0,1,1,1,0,0,1,0,0,1,1,0,0,1517,"3 hrs, 15 min, 40 sec",140924.38167371
"18","14",1,0,0,0,0,0,0,1,1,1,1,0,1,0,1,0,1,0,0,0,0,1,1,1,0,0,1,0,0,1,1,1,2,1517,"2 hrs, 31 min, 37 sec",142137.414728422
"18","15",0,1,0,0,0,0,0,1,1,1,1,0,1,0,1,0,1,0,0,0,0,1,1,1,0,0,1,0,0,1,1,0,1,1517,"2 hrs, 40 min, 9 sec",140886.622287256
"19","1",1,1,0,0,0,0,0,1,0,1,1,0,1,0,1,0,1,0,0,0,0,1,1,1,0,0,1,0,0,1,0,1,4,1416,"1 hrs, 32 min, 21 sec",140866.234104502
"19","2",1,1,0,0,0,0,0,1,0,1,1,0,1,0,1,0,1,0,0,0,0,1,1,1,0,0,1,0,0,0,1,0,1,1416,"1 hrs, 30 min, 3 sec",140823.503703359
"19","3",1,1,0,0,0,0,0,1,0,1,1,0,1,0,1,0,1,0,0,0,0,1,1,1,0,0,0,0,0,1,1,0,0,1416,"1 hrs, 27 min, 55 sec",140807.661263268
"19","4",1,1,0,0,0,0,0,1,0,1,1,0,1,0,1,0,1,0,0,0,0,1,1,0,0,0,1,0,0,1,1,0,0,1416,"1 hrs, 36 min, 25 sec",140779.024680808
"19","5",1,1,0,0,0,0,0,1,0,1,1,0,1,0,1,0,1,0,0,0,0,1,0,1,0,0,1,0,0,1,1,0,0,1416,"1 hrs, 31 min, 33 sec",140811.161429931
"19","6",1,1,0,0,0,0,0,1,0,1,1,0,1,0,1,0,1,0,0,0,0,0,1,1,0,0,1,0,0,1,1,0,0,1416,"1 hrs, 33 min, 28 sec",140782.365862039
"19","7",1,1,0,0,0,0,0,1,0,1,1,0,1,0,1,0,0,0,0,0,0,1,1,1,0,0,1,0,0,1,1,0,2,1416,"1 hrs, 30 min, 34 sec",141285.033732134
"19","8",1,1,0,0,0,0,0,1,0,1,1,0,1,0,0,0,1,0,0,0,0,1,1,1,0,0,1,0,0,1,1,4,4,1416,"1 hrs, 31 min, 4 sec",140780.662727934
"19","9",1,1,0,0,0,0,0,1,0,1,1,0,0,0,1,0,1,0,0,0,0,1,1,1,0,0,1,0,0,1,1,0,0,1416,"1 hrs, 30 min, 51 sec",140899.662946472
"19","10",1,1,0,0,0,0,0,1,0,1,0,0,1,0,1,0,1,0,0,0,0,1,1,1,0,0,1,0,0,1,1,0,0,1416,"1 hrs, 33 min, 59 sec",140802.847220829
"19","11",1,1,0,0,0,0,0,1,0,0,1,0,1,0,1,0,1,0,0,0,0,1,1,1,0,0,1,0,0,1,1,1,2,1416,"1 hrs, 34 min, 35 sec",140987.292015437
"19","12",1,1,0,0,0,0,0,0,0,1,1,0,1,0,1,0,1,0,0,0,0,1,1,1,0,0,1,0,0,1,1,0,1,1416,"1 hrs, 32 min, 55 sec",140866.825088017
"19","13",1,0,0,0,0,0,0,1,0,1,1,0,1,0,1,0,1,0,0,0,0,1,1,1,0,0,1,0,0,1,1,0,2,1416,"1 hrs, 30 min, 41 sec",142371.90260704
"19","14",0,1,0,0,0,0,0,1,0,1,1,0,1,0,1,0,1,0,0,0,0,1,1,1,0,0,1,0,0,1,1,2,3,1416,"1 hrs, 33 min, 5 sec",140835.577511081
"20","1",1,1,0,0,0,0,0,1,0,1,1,0,1,0,1,0,1,0,0,0,0,1,1,0,0,0,1,0,0,1,0,0,0,1315,"1 hrs, 29 min, 57 sec",140820.645832418
"20","2",1,1,0,0,0,0,0,1,0,1,1,0,1,0,1,0,1,0,0,0,0,1,1,0,0,0,1,0,0,0,1,0,2,1315,"1 hrs, 29 min, 7 sec",140769.476262216
"20","3",1,1,0,0,0,0,0,1,0,1,1,0,1,0,1,0,1,0,0,0,0,1,1,0,0,0,0,0,0,1,1,0,0,1315,"1 hrs, 24 min, 44 sec",140833.308251618
"20","4",1,1,0,0,0,0,0,1,0,1,1,0,1,0,1,0,1,0,0,0,0,1,0,0,0,0,1,0,0,1,1,0,0,1315,"1 hrs, 30 min, 16 sec",140858.870131373
"20","5",1,1,0,0,0,0,0,1,0,1,1,0,1,0,1,0,1,0,0,0,0,0,1,0,0,0,1,0,0,1,1,0,0,1315,"1 hrs, 30 min, 57 sec",140763.403713597
"20","6",1,1,0,0,0,0,0,1,0,1,1,0,1,0,1,0,0,0,0,0,0,1,1,0,0,0,1,0,0,1,1,0,0,1315,"1 hrs, 26 min, 4 sec",141258.548061414
"20","7",1,1,0,0,0,0,0,1,0,1,1,0,1,0,0,0,1,0,0,0,0,1,1,0,0,0,1,0,0,1,1,0,0,1315,"1 hrs, 28 min, 56 sec",140776.895019239
"20","8",1,1,0,0,0,0,0,1,0,1,1,0,0,0,1,0,1,0,0,0,0,1,1,0,0,0,1,0,0,1,1,0,0,1315,"1 hrs, 28 min, 11 sec",140864.851185139
"20","9",1,1,0,0,0,0,0,1,0,1,0,0,1,0,1,0,1,0,0,0,0,1,1,0,0,0,1,0,0,1,1,0,0,1315,"1 hrs, 28 min, 30 sec",140831.02968194
"20","10",1,1,0,0,0,0,0,1,0,0,1,0,1,0,1,0,1,0,0,0,0,1,1,0,0,0,1,0,0,1,1,0,0,1315,"1 hrs, 29 min, 20 sec",140951.585712296
"20","11",1,1,0,0,0,0,0,0,0,1,1,0,1,0,1,0,1,0,0,0,0,1,1,0,0,0,1,0,0,1,1,1,0,1315,"1 hrs, 28 min, 35 sec",140848.944466994
"20","12",1,0,0,0,0,0,0,1,0,1,1,0,1,0,1,0,1,0,0,0,0,1,1,0,0,0,1,0,0,1,1,1,1,1315,"1 hrs, 28 min, 28 sec",142591.126142201
"20","13",0,1,0,0,0,0,0,1,0,1,1,0,1,0,1,0,1,0,0,0,0,1,1,0,0,0,1,0,0,1,1,0,0,1315,"1 hrs, 29 min, 25 sec",140803.950118887
"21","1",1,1,0,0,0,0,0,1,0,1,1,0,1,0,1,0,1,0,0,0,0,0,1,0,0,0,1,0,0,1,0,0,0,1214,"1 hrs, 27 min, 22 sec",140768.56542342
"21","2",1,1,0,0,0,0,0,1,0,1,1,0,1,0,1,0,1,0,0,0,0,0,1,0,0,0,1,0,0,0,1,0,0,1214,"1 hrs, 29 min, 7 sec",140755.487348439
"21","3",1,1,0,0,0,0,0,1,0,1,1,0,1,0,1,0,1,0,0,0,0,0,1,0,0,0,0,0,0,1,1,0,0,1214,"1 hrs, 28 min, 7 sec",140800.533472279
"21","4",1,1,0,0,0,0,0,1,0,1,1,0,1,0,1,0,1,0,0,0,0,0,0,0,0,0,1,0,0,1,1,1,0,1214,"1 hrs, 27 min, 15 sec",140821.994618393
"21","5",1,1,0,0,0,0,0,1,0,1,1,0,1,0,1,0,0,0,0,0,0,0,1,0,0,0,1,0,0,1,1,0,0,1214,"1 hrs, 24 min, 24 sec",141238.292068155
"21","6",1,1,0,0,0,0,0,1,0,1,1,0,1,0,0,0,1,0,0,0,0,0,1,0,0,0,1,0,0,1,1,0,0,1214,"1 hrs, 26 min, 4 sec",140754.461516498
"21","7",1,1,0,0,0,0,0,1,0,1,1,0,0,0,1,0,1,0,0,0,0,0,1,0,0,0,1,0,0,1,1,0,0,1214,"1 hrs, 27 min, 50 sec",140864.099197721
"21","8",1,1,0,0,0,0,0,1,0,1,0,0,1,0,1,0,1,0,0,0,0,0,1,0,0,0,1,0,0,1,1,0,0,1214,"1 hrs, 30 min, 11 sec",140816.957231155
"21","9",1,1,0,0,0,0,0,1,0,0,1,0,1,0,1,0,1,0,0,0,0,0,1,0,0,0,1,0,0,1,1,0,0,1214,"1 hrs, 26 min, 51 sec",140941.833998932
"21","10",1,1,0,0,0,0,0,0,0,1,1,0,1,0,1,0,1,0,0,0,0,0,1,0,0,0,1,0,0,1,1,0,1,1214,"1 hrs, 30 min, 59 sec",140907.099656084
"21","11",1,0,0,0,0,0,0,1,0,1,1,0,1,0,1,0,1,0,0,0,0,0,1,0,0,0,1,0,0,1,1,0,0,1214,"1 hrs, 25 min, 51 sec",142713.826022999
"21","12",0,1,0,0,0,0,0,1,0,1,1,0,1,0,1,0,1,0,0,0,0,0,1,0,0,0,1,0,0,1,1,0,0,1214,"1 hrs, 24 min, 52 sec",140812.665436571
"22","1",1,1,0,0,0,0,0,1,0,1,1,0,1,0,0,0,1,0,0,0,0,0,1,0,0,0,1,0,0,1,0,0,0,1113,"1 hrs, 21 min, 31 sec",140706.140345859
"22","2",1,1,0,0,0,0,0,1,0,1,1,0,1,0,0,0,1,0,0,0,0,0,1,0,0,0,1,0,0,0,1,1,2,1113,"1 hrs, 19 min, 36 sec",140769.292136494
"22","3",1,1,0,0,0,0,0,1,0,1,1,0,1,0,0,0,1,0,0,0,0,0,1,0,0,0,0,0,0,1,1,0,0,1113,"1 hrs, 23 min, 0 sec",140758.701906825
"22","4",1,1,0,0,0,0,0,1,0,1,1,0,1,0,0,0,1,0,0,0,0,0,0,0,0,0,1,0,0,1,1,0,0,1113,"1 hrs, 25 min, 22 sec",140741.551355342
"22","5",1,1,0,0,0,0,0,1,0,1,1,0,1,0,0,0,0,0,0,0,0,0,1,0,0,0,1,0,0,1,1,0,0,1113,"1 hrs, 26 min, 16 sec",141208.402623074
"22","6",1,1,0,0,0,0,0,1,0,1,1,0,0,0,0,0,1,0,0,0,0,0,1,0,0,0,1,0,0,1,1,0,0,1113,"1 hrs, 26 min, 25 sec",140853.787106943
"22","7",1,1,0,0,0,0,0,1,0,1,0,0,1,0,0,0,1,0,0,0,0,0,1,0,0,0,1,0,0,1,1,0,0,1113,"1 hrs, 23 min, 48 sec",140812.339997693
"22","8",1,1,0,0,0,0,0,1,0,0,1,0,1,0,0,0,1,0,0,0,0,0,1,0,0,0,1,0,0,1,1,0,0,1113,"1 hrs, 24 min, 28 sec",140915.799837479
"22","9",1,1,0,0,0,0,0,0,0,1,1,0,1,0,0,0,1,0,0,0,0,0,1,0,0,0,1,0,0,1,1,0,0,1113,"1 hrs, 27 min, 11 sec",140935.600957296
"22","10",1,0,0,0,0,0,0,1,0,1,1,0,1,0,0,0,1,0,0,0,0,0,1,0,0,0,1,0,0,1,1,0,0,1113,"1 hrs, 21 min, 54 sec",142684.190763895
"22","11",0,1,0,0,0,0,0,1,0,1,1,0,1,0,0,0,1,0,0,0,0,0,1,0,0,0,1,0,0,1,1,0,0,1113,"1 hrs, 19 min, 23 sec",140804.90450638
"23","1",1,1,0,0,0,0,0,1,0,1,1,0,1,0,0,0,1,0,0,0,0,0,1,0,0,0,1,0,0,0,0,0,1,1012,"1 hrs, 21 min, 54 sec",140783.919345522
"23","2",1,1,0,0,0,0,0,1,0,1,1,0,1,0,0,0,1,0,0,0,0,0,1,0,0,0,0,0,0,1,0,4,3,1012,"1 hrs, 16 min, 11 sec",140714.693684825
"23","3",1,1,0,0,0,0,0,1,0,1,1,0,1,0,0,0,1,0,0,0,0,0,0,0,0,0,1,0,0,1,0,0,0,1012,"1 hrs, 21 min, 35 sec",140723.552166398
"23","4",1,1,0,0,0,0,0,1,0,1,1,0,1,0,0,0,0,0,0,0,0,0,1,0,0,0,1,0,0,1,0,0,0,1012,"1 hrs, 24 min, 36 sec",141236.326981367
"23","5",1,1,0,0,0,0,0,1,0,1,1,0,0,0,0,0,1,0,0,0,0,0,1,0,0,0,1,0,0,1,0,0,0,1012,"1 hrs, 17 min, 8 sec",140825.335267557
"23","6",1,1,0,0,0,0,0,1,0,1,0,0,1,0,0,0,1,0,0,0,0,0,1,0,0,0,1,0,0,1,0,0,0,1012,"1 hrs, 21 min, 44 sec",140827.638685556
"23","7",1,1,0,0,0,0,0,1,0,0,1,0,1,0,0,0,1,0,0,0,0,0,1,0,0,0,1,0,0,1,0,0,0,1012,"1 hrs, 20 min, 41 sec",140930.958170402
"23","8",1,1,0,0,0,0,0,0,0,1,1,0,1,0,0,0,1,0,0,0,0,0,1,0,0,0,1,0,0,1,0,0,0,1012,"1 hrs, 22 min, 26 sec",140859.10888992
"23","9",1,0,0,0,0,0,0,1,0,1,1,0,1,0,0,0,1,0,0,0,0,0,1,0,0,0,1,0,0,1,0,0,1,1012,"1 hrs, 21 min, 12 sec",142561.813854702
"23","10",0,1,0,0,0,0,0,1,0,1,1,0,1,0,0,0,1,0,0,0,0,0,1,0,0,0,1,0,0,1,0,0,0,1012,"1 hrs, 18 min, 48 sec",140776.89686055
"End","Best",1,1,0,0,0,0,0,1,0,1,1,0,1,0,0,0,1,0,0,0,0,0,1,0,0,0,1,0,0,1,0,0,0,1113,"1 hrs, 21 min, 31 sec",140706.140345859
